metric,old_correct,old_total,old_acc,new_correct,new_total,new_acc,delta
FORM,150,153,0.9803921568627451,150,153,0.9803921568627451,0.0
LEMMA,150,153,0.9803921568627451,150,153,0.9803921568627451,0.0
UPOS,151,153,0.9869281045751634,151,153,0.9869281045751634,0.0
XPOS,150,153,0.9803921568627451,150,153,0.9803921568627451,0.0
FEATS,147,153,0.9607843137254902,147,153,0.9607843137254902,0.0
HEAD,118,153,0.7712418300653595,118,153,0.7712418300653595,0.0
DEPREL,114,153,0.7450980392156863,114,153,0.7450980392156863,0.0
UAS,118,153,0.7712418300653595,118,153,0.7712418300653595,0.0
LAS,104,153,0.6797385620915033,104,153,0.6797385620915033,0.0
