sent_id	nheengatu	portuguese_equivalents	covered_by_normalization_layers	sources	gf_tree_count	gf_abstract_trees	gf_trees_by_sent_id	gf_alignment_status
1	Maria mimbira-itá puranga	as filhas da Maria são bonitas || os filhos da Maria são bonitos	yes	hil,van	2	Pred Yes (Poss (mkPsor SG Maria) (ThePL (mkKind Daughter_Of_Woman))) (IndLevelState (mkPropQual Beautiful)) || Pred Yes (Poss (mkPsor SG Maria) (ThePL (mkKind Son_Of_Woman))) (IndLevelState (mkPropQual Beautiful))	SENT-1::Pred Yes (Poss (mkPsor SG Maria) (ThePL (mkKind Daughter_Of_Woman))) (IndLevelState (mkPropQual Beautiful)) || SENT-1::Pred Yes (Poss (mkPsor SG Maria) (ThePL (mkKind Son_Of_Woman))) (IndLevelState (mkPropQual Beautiful))	MATCHED
2	Maria mimbira-itá puranga uiku	as filhas da Maria estão bonitas || os filhos da Maria estão bonitos	no		2	Pred Yes (Poss (mkPsor SG Maria) (ThePL (mkKind Daughter_Of_Woman))) (StageLevelState (mkPropQual Beautiful)) || Pred Yes (Poss (mkPsor SG Maria) (ThePL (mkKind Son_Of_Woman))) (StageLevelState (mkPropQual Beautiful))	SENT-2::Pred Yes (Poss (mkPsor SG Maria) (ThePL (mkKind Daughter_Of_Woman))) (StageLevelState (mkPropQual Beautiful)) || SENT-2::Pred Yes (Poss (mkPsor SG Maria) (ThePL (mkKind Son_Of_Woman))) (StageLevelState (mkPropQual Beautiful))	MATCHED
3	Maria ramunha paranã upé	o avô da Maria é no rio	no		2	Pred Yes (Poss (mkPsor SG Maria) (TheSG (mkKind Grandfather))) (IndLevelState (mkPropLoc (In (mkItemNonDeitic (TheSG (mkKind River)))))) || Pred Yes (Poss (mkPsor SG Maria) (TheSG (mkKind Grandfather))) (IndLevelState (mkPropLoc (On (mkItemNonDeitic (TheSG (mkKind River))))))	SENT-3::Pred Yes (Poss (mkPsor SG Maria) (TheSG (mkKind Grandfather))) (IndLevelState (mkPropLoc (In (mkItemNonDeitic (TheSG (mkKind River)))))) || SENT-3::Pred Yes (Poss (mkPsor SG Maria) (TheSG (mkKind Grandfather))) (IndLevelState (mkPropLoc (On (mkItemNonDeitic (TheSG (mkKind River))))))	MATCHED
4	Maria ramunha uiku paranã upé	o avô da Maria está no rio	yes	hil,van	2	Pred Yes (Poss (mkPsor SG Maria) (TheSG (mkKind Grandfather))) (StageLevelState (mkPropLoc (In (mkItemNonDeitic (TheSG (mkKind River)))))) || Pred Yes (Poss (mkPsor SG Maria) (TheSG (mkKind Grandfather))) (StageLevelState (mkPropLoc (On (mkItemNonDeitic (TheSG (mkKind River))))))	SENT-4::Pred Yes (Poss (mkPsor SG Maria) (TheSG (mkKind Grandfather))) (StageLevelState (mkPropLoc (In (mkItemNonDeitic (TheSG (mkKind River)))))) || SENT-4::Pred Yes (Poss (mkPsor SG Maria) (TheSG (mkKind Grandfather))) (StageLevelState (mkPropLoc (On (mkItemNonDeitic (TheSG (mkKind River))))))	MATCHED
5	Maria raíra-itá puranga	os filhos da Maria são bonitos	yes	hil,van	1	Pred Yes (Poss (mkPsor SG Maria) (ThePL (mkKind Son_Of_Man))) (IndLevelState (mkPropQual Beautiful))	SENT-5::Pred Yes (Poss (mkPsor SG Maria) (ThePL (mkKind Son_Of_Man))) (IndLevelState (mkPropQual Beautiful))	MATCHED
6	Maria raíra-itá puranga uiku	os filhos da Maria estão bonitos	no		1	Pred Yes (Poss (mkPsor SG Maria) (ThePL (mkKind Son_Of_Man))) (StageLevelState (mkPropQual Beautiful))	SENT-6::Pred Yes (Poss (mkPsor SG Maria) (ThePL (mkKind Son_Of_Man))) (StageLevelState (mkPropQual Beautiful))	MATCHED
7	Maria rimbiú ti sé	a comida da Maria não é deliciosa	no		1	Pred No (Poss (mkPsor SG Maria) (TheSG (mkKind Food))) (IndLevelState (mkPropQual Delicious))	SENT-7::Pred No (Poss (mkPsor SG Maria) (TheSG (mkKind Food))) (IndLevelState (mkPropQual Delicious))	MATCHED
8	Maria rimbiú ti sé uiku	a comida da Maria não está deliciosa	yes	ped	1	Pred No (Poss (mkPsor SG Maria) (TheSG (mkKind Food))) (StageLevelState (mkPropQual Delicious))	SENT-8::Pred No (Poss (mkPsor SG Maria) (TheSG (mkKind Food))) (StageLevelState (mkPropQual Delicious))	MATCHED
9	Maria ruka ti suaki	a casa da Maria não é perto dele || a casa da Maria não é perto dela	no		3	Pred No (Poss (mkPsor SG Maria) (TheSG (mkKind House))) (IndLevelState (mkPropLoc (Near (mkItemDeitic He)))) || Pred No (Poss (mkPsor SG Maria) (TheSG (mkKind House))) (IndLevelState (mkPropLoc (Near (mkItemDeitic It)))) || Pred No (Poss (mkPsor SG Maria) (TheSG (mkKind House))) (IndLevelState (mkPropLoc (Near (mkItemDeitic She))))	SENT-9::Pred No (Poss (mkPsor SG Maria) (TheSG (mkKind House))) (IndLevelState (mkPropLoc (Near (mkItemDeitic He)))) || SENT-9::Pred No (Poss (mkPsor SG Maria) (TheSG (mkKind House))) (IndLevelState (mkPropLoc (Near (mkItemDeitic It)))) || SENT-9::Pred No (Poss (mkPsor SG Maria) (TheSG (mkKind House))) (IndLevelState (mkPropLoc (Near (mkItemDeitic She))))	MATCHED
10	Maria ruka ti uiku suaki	a casa da Maria não está perto dele || a casa da Maria não está perto dela	no		3	Pred No (Poss (mkPsor SG Maria) (TheSG (mkKind House))) (StageLevelState (mkPropLoc (Near (mkItemDeitic He)))) || Pred No (Poss (mkPsor SG Maria) (TheSG (mkKind House))) (StageLevelState (mkPropLoc (Near (mkItemDeitic It)))) || Pred No (Poss (mkPsor SG Maria) (TheSG (mkKind House))) (StageLevelState (mkPropLoc (Near (mkItemDeitic She))))	SENT-10::Pred No (Poss (mkPsor SG Maria) (TheSG (mkKind House))) (StageLevelState (mkPropLoc (Near (mkItemDeitic He)))) || SENT-10::Pred No (Poss (mkPsor SG Maria) (TheSG (mkKind House))) (StageLevelState (mkPropLoc (Near (mkItemDeitic It)))) || SENT-10::Pred No (Poss (mkPsor SG Maria) (TheSG (mkKind House))) (StageLevelState (mkPropLoc (Near (mkItemDeitic She))))	MATCHED
11	aiku i irũmu	eu estou com ele || eu estou com ela	yes	hil,van	3	Pred Yes (mkItemDeitic I) (StageLevelState (mkPropLoc (With (mkItemDeitic He)))) || Pred Yes (mkItemDeitic I) (StageLevelState (mkPropLoc (With (mkItemDeitic It)))) || Pred Yes (mkItemDeitic I) (StageLevelState (mkPropLoc (With (mkItemDeitic She))))	SENT-11::Pred Yes (mkItemDeitic I) (StageLevelState (mkPropLoc (With (mkItemDeitic He)))) || SENT-11::Pred Yes (mkItemDeitic I) (StageLevelState (mkPropLoc (With (mkItemDeitic It)))) || SENT-11::Pred Yes (mkItemDeitic I) (StageLevelState (mkPropLoc (With (mkItemDeitic She))))	MATCHED
12	aiku iké	eu estou aqui	yes	hil,van	1	Pred Yes (mkItemDeitic I) (StageLevelState (mkPropLoc Here))	SENT-12::Pred Yes (mkItemDeitic I) (StageLevelState (mkPropLoc Here))	MATCHED
13	aiku suaki	eu estou perto dele || eu estou perto dela	no		3	Pred Yes (mkItemDeitic I) (StageLevelState (mkPropLoc (Near (mkItemDeitic He)))) || Pred Yes (mkItemDeitic I) (StageLevelState (mkPropLoc (Near (mkItemDeitic It)))) || Pred Yes (mkItemDeitic I) (StageLevelState (mkPropLoc (Near (mkItemDeitic She))))	SENT-13::Pred Yes (mkItemDeitic I) (StageLevelState (mkPropLoc (Near (mkItemDeitic He)))) || SENT-13::Pred Yes (mkItemDeitic I) (StageLevelState (mkPropLoc (Near (mkItemDeitic It)))) || SENT-13::Pred Yes (mkItemDeitic I) (StageLevelState (mkPropLoc (Near (mkItemDeitic She))))	MATCHED
14	aintá aintá ruri	eles são felizes	yes	hil,van	1	Pred Yes (mkItemDeitic They) (IndLevelState (mkPropQual Happy))	SENT-14::Pred Yes (mkItemDeitic They) (IndLevelState (mkPropQual Happy))	MATCHED
15	aintá aintá ruri uiku	eles estão felizes	no		1	Pred Yes (mkItemDeitic They) (StageLevelState (mkPropQual Happy))	SENT-15::Pred Yes (mkItemDeitic They) (StageLevelState (mkPropQual Happy))	MATCHED
16	aintá ruri	eles são felizes	yes	hil,van	1	Pred Yes (mkItemDeitic They) (IndLevelState (mkPropQual Happy))	SENT-16::Pred Yes (mkItemDeitic They) (IndLevelState (mkPropQual Happy))	MATCHED
17	aintá ta ruri	eles são felizes	yes	hil,van	1	Pred Yes (mkItemDeitic They) (IndLevelState (mkPropQual Happy))	SENT-17::Pred Yes (mkItemDeitic They) (IndLevelState (mkPropQual Happy))	MATCHED
18	aé i pusé	ele é pesado || ela é pesada	yes	ped	3	Pred Yes (mkItemDeitic He) (IndLevelState (mkPropQual Heavy)) || Pred Yes (mkItemDeitic It) (IndLevelState (mkPropQual Heavy)) || Pred Yes (mkItemDeitic She) (IndLevelState (mkPropQual Heavy))	SENT-18::Pred Yes (mkItemDeitic He) (IndLevelState (mkPropQual Heavy)) || SENT-18::Pred Yes (mkItemDeitic It) (IndLevelState (mkPropQual Heavy)) || SENT-18::Pred Yes (mkItemDeitic She) (IndLevelState (mkPropQual Heavy))	MATCHED
19	aé i pusé uiku	ele está pesado || ela está pesada	yes	hil,van	3	Pred Yes (mkItemDeitic He) (StageLevelState (mkPropQual Heavy)) || Pred Yes (mkItemDeitic It) (StageLevelState (mkPropQual Heavy)) || Pred Yes (mkItemDeitic She) (StageLevelState (mkPropQual Heavy))	SENT-19::Pred Yes (mkItemDeitic He) (StageLevelState (mkPropQual Heavy)) || SENT-19::Pred Yes (mkItemDeitic It) (StageLevelState (mkPropQual Heavy)) || SENT-19::Pred Yes (mkItemDeitic She) (StageLevelState (mkPropQual Heavy))	MATCHED
20	aé puranga	ele é bonito || ela é bonita	yes	hil,ped	3	Pred Yes (mkItemDeitic He) (IndLevelState (mkPropQual Beautiful)) || Pred Yes (mkItemDeitic It) (IndLevelState (mkPropQual Beautiful)) || Pred Yes (mkItemDeitic She) (IndLevelState (mkPropQual Beautiful))	SENT-20::Pred Yes (mkItemDeitic He) (IndLevelState (mkPropQual Beautiful)) || SENT-20::Pred Yes (mkItemDeitic It) (IndLevelState (mkPropQual Beautiful)) || SENT-20::Pred Yes (mkItemDeitic She) (IndLevelState (mkPropQual Beautiful))	MATCHED
21	aé puranga uiku	ele está bonito || ela está bonita	yes	hil,ped	3	Pred Yes (mkItemDeitic He) (StageLevelState (mkPropQual Beautiful)) || Pred Yes (mkItemDeitic It) (StageLevelState (mkPropQual Beautiful)) || Pred Yes (mkItemDeitic She) (StageLevelState (mkPropQual Beautiful))	SENT-21::Pred Yes (mkItemDeitic He) (StageLevelState (mkPropQual Beautiful)) || SENT-21::Pred Yes (mkItemDeitic It) (StageLevelState (mkPropQual Beautiful)) || SENT-21::Pred Yes (mkItemDeitic She) (StageLevelState (mkPropQual Beautiful))	MATCHED
22	aé saku	ele é quente || ela é quente	yes	hil	3	Pred Yes (mkItemDeitic He) (IndLevelState (mkPropQual Hot)) || Pred Yes (mkItemDeitic It) (IndLevelState (mkPropQual Hot)) || Pred Yes (mkItemDeitic She) (IndLevelState (mkPropQual Hot))	SENT-22::Pred Yes (mkItemDeitic He) (IndLevelState (mkPropQual Hot)) || SENT-22::Pred Yes (mkItemDeitic It) (IndLevelState (mkPropQual Hot)) || SENT-22::Pred Yes (mkItemDeitic She) (IndLevelState (mkPropQual Hot))	MATCHED
23	aé saku uiku	ele está quente || ela está quente	yes	hil,van	3	Pred Yes (mkItemDeitic He) (StageLevelState (mkPropQual Hot)) || Pred Yes (mkItemDeitic It) (StageLevelState (mkPropQual Hot)) || Pred Yes (mkItemDeitic She) (StageLevelState (mkPropQual Hot))	SENT-23::Pred Yes (mkItemDeitic He) (StageLevelState (mkPropQual Hot)) || SENT-23::Pred Yes (mkItemDeitic It) (StageLevelState (mkPropQual Hot)) || SENT-23::Pred Yes (mkItemDeitic She) (StageLevelState (mkPropQual Hot))	MATCHED
24	aé suri	ele é feliz || ela é feliz	no		3	Pred Yes (mkItemDeitic He) (IndLevelState (mkPropQual Happy)) || Pred Yes (mkItemDeitic It) (IndLevelState (mkPropQual Happy)) || Pred Yes (mkItemDeitic She) (IndLevelState (mkPropQual Happy))	SENT-24::Pred Yes (mkItemDeitic He) (IndLevelState (mkPropQual Happy)) || SENT-24::Pred Yes (mkItemDeitic It) (IndLevelState (mkPropQual Happy)) || SENT-24::Pred Yes (mkItemDeitic She) (IndLevelState (mkPropQual Happy))	MATCHED
25	aé suri retana	ele é muito feliz || ela é muito feliz	yes	hil,van	3	Pred Yes (mkItemDeitic He) (IndLevelState (mkPropQual (Very Happy))) || Pred Yes (mkItemDeitic It) (IndLevelState (mkPropQual (Very Happy))) || Pred Yes (mkItemDeitic She) (IndLevelState (mkPropQual (Very Happy)))	SENT-25::Pred Yes (mkItemDeitic He) (IndLevelState (mkPropQual (Very Happy))) || SENT-25::Pred Yes (mkItemDeitic It) (IndLevelState (mkPropQual (Very Happy))) || SENT-25::Pred Yes (mkItemDeitic She) (IndLevelState (mkPropQual (Very Happy)))	MATCHED
26	aé suri retana uiku	ele está muito feliz || ela está muito feliz	no		3	Pred Yes (mkItemDeitic He) (StageLevelState (mkPropQual (Very Happy))) || Pred Yes (mkItemDeitic It) (StageLevelState (mkPropQual (Very Happy))) || Pred Yes (mkItemDeitic She) (StageLevelState (mkPropQual (Very Happy)))	SENT-26::Pred Yes (mkItemDeitic He) (StageLevelState (mkPropQual (Very Happy))) || SENT-26::Pred Yes (mkItemDeitic It) (StageLevelState (mkPropQual (Very Happy))) || SENT-26::Pred Yes (mkItemDeitic She) (StageLevelState (mkPropQual (Very Happy)))	MATCHED
27	aé suri uiku	ele está feliz || ela está feliz	yes	hil,van	3	Pred Yes (mkItemDeitic He) (StageLevelState (mkPropQual Happy)) || Pred Yes (mkItemDeitic It) (StageLevelState (mkPropQual Happy)) || Pred Yes (mkItemDeitic She) (StageLevelState (mkPropQual Happy))	SENT-27::Pred Yes (mkItemDeitic He) (StageLevelState (mkPropQual Happy)) || SENT-27::Pred Yes (mkItemDeitic It) (StageLevelState (mkPropQual Happy)) || SENT-27::Pred Yes (mkItemDeitic She) (StageLevelState (mkPropQual Happy))	MATCHED
28	aé ti suri uiku	ele não está feliz || ela não está feliz	no		3	Pred No (mkItemDeitic He) (StageLevelState (mkPropQual Happy)) || Pred No (mkItemDeitic It) (StageLevelState (mkPropQual Happy)) || Pred No (mkItemDeitic She) (StageLevelState (mkPropQual Happy))	SENT-28::Pred No (mkItemDeitic He) (StageLevelState (mkPropQual Happy)) || SENT-28::Pred No (mkItemDeitic It) (StageLevelState (mkPropQual Happy)) || SENT-28::Pred No (mkItemDeitic She) (StageLevelState (mkPropQual Happy))	MATCHED
29	i igara i pusé	a canoa dela é pesada || a canoa dele é pesada	no		3	Pred Yes (mkItemNonDeitic (TheSG (mkKind_ (Poss_ Her Canoe)))) (IndLevelState (mkPropQual Heavy)) || Pred Yes (mkItemNonDeitic (TheSG (mkKind_ (Poss_ His Canoe)))) (IndLevelState (mkPropQual Heavy)) || Pred Yes (mkItemNonDeitic (TheSG (mkKind_ (Poss_ Its Canoe)))) (IndLevelState (mkPropQual Heavy))	SENT-29::Pred Yes (mkItemNonDeitic (TheSG (mkKind_ (Poss_ Her Canoe)))) (IndLevelState (mkPropQual Heavy)) || SENT-29::Pred Yes (mkItemNonDeitic (TheSG (mkKind_ (Poss_ His Canoe)))) (IndLevelState (mkPropQual Heavy)) || SENT-29::Pred Yes (mkItemNonDeitic (TheSG (mkKind_ (Poss_ Its Canoe)))) (IndLevelState (mkPropQual Heavy))	MATCHED
30	i igara i pusé uiku	a canoa dela está pesada || a canoa dele está pesada	no		3	Pred Yes (mkItemNonDeitic (TheSG (mkKind_ (Poss_ Her Canoe)))) (StageLevelState (mkPropQual Heavy)) || Pred Yes (mkItemNonDeitic (TheSG (mkKind_ (Poss_ His Canoe)))) (StageLevelState (mkPropQual Heavy)) || Pred Yes (mkItemNonDeitic (TheSG (mkKind_ (Poss_ Its Canoe)))) (StageLevelState (mkPropQual Heavy))	SENT-30::Pred Yes (mkItemNonDeitic (TheSG (mkKind_ (Poss_ Her Canoe)))) (StageLevelState (mkPropQual Heavy)) || SENT-30::Pred Yes (mkItemNonDeitic (TheSG (mkKind_ (Poss_ His Canoe)))) (StageLevelState (mkPropQual Heavy)) || SENT-30::Pred Yes (mkItemNonDeitic (TheSG (mkKind_ (Poss_ Its Canoe)))) (StageLevelState (mkPropQual Heavy))	MATCHED
31	i igara paranã upé	a canoa dela é no rio || a canoa dele é no rio	no		6	Pred Yes (mkItemNonDeitic (TheSG (mkKind_ (Poss_ Her Canoe)))) (IndLevelState (mkPropLoc (In (mkItemNonDeitic (TheSG (mkKind River)))))) || Pred Yes (mkItemNonDeitic (TheSG (mkKind_ (Poss_ Her Canoe)))) (IndLevelState (mkPropLoc (On (mkItemNonDeitic (TheSG (mkKind River)))))) || Pred Yes (mkItemNonDeitic (TheSG (mkKind_ (Poss_ His Canoe)))) (IndLevelState (mkPropLoc (In (mkItemNonDeitic (TheSG (mkKind River)))))) || Pred Yes (mkItemNonDeitic (TheSG (mkKind_ (Poss_ His Canoe)))) (IndLevelState (mkPropLoc (On (mkItemNonDeitic (TheSG (mkKind River)))))) || Pred Yes (mkItemNonDeitic (TheSG (mkKind_ (Poss_ Its Canoe)))) (IndLevelState (mkPropLoc (In (mkItemNonDeitic (TheSG (mkKind River)))))) || Pred Yes (mkItemNonDeitic (TheSG (mkKind_ (Poss_ Its Canoe)))) (IndLevelState (mkPropLoc (On (mkItemNonDeitic (TheSG (mkKind River))))))	SENT-31::Pred Yes (mkItemNonDeitic (TheSG (mkKind_ (Poss_ Her Canoe)))) (IndLevelState (mkPropLoc (In (mkItemNonDeitic (TheSG (mkKind River)))))) || SENT-31::Pred Yes (mkItemNonDeitic (TheSG (mkKind_ (Poss_ Her Canoe)))) (IndLevelState (mkPropLoc (On (mkItemNonDeitic (TheSG (mkKind River)))))) || SENT-31::Pred Yes (mkItemNonDeitic (TheSG (mkKind_ (Poss_ His Canoe)))) (IndLevelState (mkPropLoc (In (mkItemNonDeitic (TheSG (mkKind River)))))) || SENT-31::Pred Yes (mkItemNonDeitic (TheSG (mkKind_ (Poss_ His Canoe)))) (IndLevelState (mkPropLoc (On (mkItemNonDeitic (TheSG (mkKind River)))))) || SENT-31::Pred Yes (mkItemNonDeitic (TheSG (mkKind_ (Poss_ Its Canoe)))) (IndLevelState (mkPropLoc (In (mkItemNonDeitic (TheSG (mkKind River)))))) || SENT-31::Pred Yes (mkItemNonDeitic (TheSG (mkKind_ (Poss_ Its Canoe)))) (IndLevelState (mkPropLoc (On (mkItemNonDeitic (TheSG (mkKind River))))))	MATCHED
32	i igara uiku paranã upé	a canoa dela está no rio || a canoa dele está no rio	no		6	Pred Yes (mkItemNonDeitic (TheSG (mkKind_ (Poss_ Her Canoe)))) (StageLevelState (mkPropLoc (In (mkItemNonDeitic (TheSG (mkKind River)))))) || Pred Yes (mkItemNonDeitic (TheSG (mkKind_ (Poss_ Her Canoe)))) (StageLevelState (mkPropLoc (On (mkItemNonDeitic (TheSG (mkKind River)))))) || Pred Yes (mkItemNonDeitic (TheSG (mkKind_ (Poss_ His Canoe)))) (StageLevelState (mkPropLoc (In (mkItemNonDeitic (TheSG (mkKind River)))))) || Pred Yes (mkItemNonDeitic (TheSG (mkKind_ (Poss_ His Canoe)))) (StageLevelState (mkPropLoc (On (mkItemNonDeitic (TheSG (mkKind River)))))) || Pred Yes (mkItemNonDeitic (TheSG (mkKind_ (Poss_ Its Canoe)))) (StageLevelState (mkPropLoc (In (mkItemNonDeitic (TheSG (mkKind River)))))) || Pred Yes (mkItemNonDeitic (TheSG (mkKind_ (Poss_ Its Canoe)))) (StageLevelState (mkPropLoc (On (mkItemNonDeitic (TheSG (mkKind River))))))	SENT-32::Pred Yes (mkItemNonDeitic (TheSG (mkKind_ (Poss_ Her Canoe)))) (StageLevelState (mkPropLoc (In (mkItemNonDeitic (TheSG (mkKind River)))))) || SENT-32::Pred Yes (mkItemNonDeitic (TheSG (mkKind_ (Poss_ Her Canoe)))) (StageLevelState (mkPropLoc (On (mkItemNonDeitic (TheSG (mkKind River)))))) || SENT-32::Pred Yes (mkItemNonDeitic (TheSG (mkKind_ (Poss_ His Canoe)))) (StageLevelState (mkPropLoc (In (mkItemNonDeitic (TheSG (mkKind River)))))) || SENT-32::Pred Yes (mkItemNonDeitic (TheSG (mkKind_ (Poss_ His Canoe)))) (StageLevelState (mkPropLoc (On (mkItemNonDeitic (TheSG (mkKind River)))))) || SENT-32::Pred Yes (mkItemNonDeitic (TheSG (mkKind_ (Poss_ Its Canoe)))) (StageLevelState (mkPropLoc (In (mkItemNonDeitic (TheSG (mkKind River)))))) || SENT-32::Pred Yes (mkItemNonDeitic (TheSG (mkKind_ (Poss_ Its Canoe)))) (StageLevelState (mkPropLoc (On (mkItemNonDeitic (TheSG (mkKind River))))))	MATCHED
33	i pusé	ele é pesado || ela é pesada	no		3	Pred Yes (mkItemDeitic He) (IndLevelState (mkPropQual Heavy)) || Pred Yes (mkItemDeitic It) (IndLevelState (mkPropQual Heavy)) || Pred Yes (mkItemDeitic She) (IndLevelState (mkPropQual Heavy))	SENT-33::Pred Yes (mkItemDeitic He) (IndLevelState (mkPropQual Heavy)) || SENT-33::Pred Yes (mkItemDeitic It) (IndLevelState (mkPropQual Heavy)) || SENT-33::Pred Yes (mkItemDeitic She) (IndLevelState (mkPropQual Heavy))	MATCHED
34	i pusé uiku	ele está pesado || ela está pesada	yes	hil,van	3	Pred Yes (mkItemDeitic He) (StageLevelState (mkPropQual Heavy)) || Pred Yes (mkItemDeitic It) (StageLevelState (mkPropQual Heavy)) || Pred Yes (mkItemDeitic She) (StageLevelState (mkPropQual Heavy))	SENT-34::Pred Yes (mkItemDeitic He) (StageLevelState (mkPropQual Heavy)) || SENT-34::Pred Yes (mkItemDeitic It) (StageLevelState (mkPropQual Heavy)) || SENT-34::Pred Yes (mkItemDeitic She) (StageLevelState (mkPropQual Heavy))	MATCHED
35	iaiku pe ruaki	nós estamos perto de vocês	no		1	Pred Yes (mkItemDeitic We) (StageLevelState (mkPropLoc (Near (mkItemDeitic YouPL))))	SENT-35::Pred Yes (mkItemDeitic We) (StageLevelState (mkPropLoc (Near (mkItemDeitic YouPL))))	MATCHED
36	iandé iaiku ne ruaki	nós estamos perto de você	yes	hil,van	1	Pred Yes (mkItemDeitic We) (StageLevelState (mkPropLoc (Near (mkItemDeitic YouSG))))	SENT-36::Pred Yes (mkItemDeitic We) (StageLevelState (mkPropLoc (Near (mkItemDeitic YouSG))))	MATCHED
37	iandé iaiku pe ruaki	nós estamos perto de vocês	no		1	Pred Yes (mkItemDeitic We) (StageLevelState (mkPropLoc (Near (mkItemDeitic YouPL))))	SENT-37::Pred Yes (mkItemDeitic We) (StageLevelState (mkPropLoc (Near (mkItemDeitic YouPL))))	MATCHED
38	iandé ne ruaki	nós somos perto de você	no		1	Pred Yes (mkItemDeitic We) (IndLevelState (mkPropLoc (Near (mkItemDeitic YouSG))))	SENT-38::Pred Yes (mkItemDeitic We) (IndLevelState (mkPropLoc (Near (mkItemDeitic YouSG))))	MATCHED
39	iandé pe ruaki	nós somos perto de vocês	no		1	Pred Yes (mkItemDeitic We) (IndLevelState (mkPropLoc (Near (mkItemDeitic YouPL))))	SENT-39::Pred Yes (mkItemDeitic We) (IndLevelState (mkPropLoc (Near (mkItemDeitic YouPL))))	MATCHED
40	iandé ti iaiku tendaua upé	nós não estamos na comunidade	yes	hil,van	2	Pred No (mkItemDeitic We) (StageLevelState (mkPropLoc (In (mkItemNonDeitic (TheSG (mkKind Community)))))) || Pred No (mkItemDeitic We) (StageLevelState (mkPropLoc (On (mkItemNonDeitic (TheSG (mkKind Community))))))	SENT-40::Pred No (mkItemDeitic We) (StageLevelState (mkPropLoc (In (mkItemNonDeitic (TheSG (mkKind Community)))))) || SENT-40::Pred No (mkItemDeitic We) (StageLevelState (mkPropLoc (On (mkItemNonDeitic (TheSG (mkKind Community))))))	MATCHED
41	iandé ti tendaua upé	nós não somos na comunidade	no		2	Pred No (mkItemDeitic We) (IndLevelState (mkPropLoc (In (mkItemNonDeitic (TheSG (mkKind Community)))))) || Pred No (mkItemDeitic We) (IndLevelState (mkPropLoc (On (mkItemNonDeitic (TheSG (mkKind Community))))))	SENT-41::Pred No (mkItemDeitic We) (IndLevelState (mkPropLoc (In (mkItemNonDeitic (TheSG (mkKind Community)))))) || SENT-41::Pred No (mkItemDeitic We) (IndLevelState (mkPropLoc (On (mkItemNonDeitic (TheSG (mkKind Community))))))	MATCHED
42	igara ape	a canoa é lá	no		1	Pred Yes (mkItemNonDeitic (TheSG (mkKind Canoe))) (IndLevelState (mkPropLoc There))	SENT-42::Pred Yes (mkItemNonDeitic (TheSG (mkKind Canoe))) (IndLevelState (mkPropLoc There))	MATCHED
43	igara i pusé	a canoa é pesada	no		1	Pred Yes (mkItemNonDeitic (TheSG (mkKind Canoe))) (IndLevelState (mkPropQual Heavy))	SENT-43::Pred Yes (mkItemNonDeitic (TheSG (mkKind Canoe))) (IndLevelState (mkPropQual Heavy))	MATCHED
44	igara i pusé uiku	a canoa está pesada	yes	ped	1	Pred Yes (mkItemNonDeitic (TheSG (mkKind Canoe))) (StageLevelState (mkPropQual Heavy))	SENT-44::Pred Yes (mkItemNonDeitic (TheSG (mkKind Canoe))) (StageLevelState (mkPropQual Heavy))	MATCHED
45	igara paranã ruaki	a canoa é perto do rio	no		1	Pred Yes (mkItemNonDeitic (TheSG (mkKind Canoe))) (IndLevelState (mkPropLoc (Near (mkItemNonDeitic (TheSG (mkKind River))))))	SENT-45::Pred Yes (mkItemNonDeitic (TheSG (mkKind Canoe))) (IndLevelState (mkPropLoc (Near (mkItemNonDeitic (TheSG (mkKind River))))))	MATCHED
46	igara paranã suaki	o rio da canoa é perto dele || o rio da canoa é perto dela	no		3	Pred Yes (Poss (mkPsor SG Canoe) (TheSG (mkKind River))) (IndLevelState (mkPropLoc (Near (mkItemDeitic He)))) || Pred Yes (Poss (mkPsor SG Canoe) (TheSG (mkKind River))) (IndLevelState (mkPropLoc (Near (mkItemDeitic It)))) || Pred Yes (Poss (mkPsor SG Canoe) (TheSG (mkKind River))) (IndLevelState (mkPropLoc (Near (mkItemDeitic She))))	SENT-46::Pred Yes (Poss (mkPsor SG Canoe) (TheSG (mkKind River))) (IndLevelState (mkPropLoc (Near (mkItemDeitic He)))) || SENT-46::Pred Yes (Poss (mkPsor SG Canoe) (TheSG (mkKind River))) (IndLevelState (mkPropLoc (Near (mkItemDeitic It)))) || SENT-46::Pred Yes (Poss (mkPsor SG Canoe) (TheSG (mkKind River))) (IndLevelState (mkPropLoc (Near (mkItemDeitic She))))	MATCHED
47	igara paranã uiku suaki	o rio da canoa está perto dele || o rio da canoa está perto dela	no		3	Pred Yes (Poss (mkPsor SG Canoe) (TheSG (mkKind River))) (StageLevelState (mkPropLoc (Near (mkItemDeitic He)))) || Pred Yes (Poss (mkPsor SG Canoe) (TheSG (mkKind River))) (StageLevelState (mkPropLoc (Near (mkItemDeitic It)))) || Pred Yes (Poss (mkPsor SG Canoe) (TheSG (mkKind River))) (StageLevelState (mkPropLoc (Near (mkItemDeitic She))))	SENT-47::Pred Yes (Poss (mkPsor SG Canoe) (TheSG (mkKind River))) (StageLevelState (mkPropLoc (Near (mkItemDeitic He)))) || SENT-47::Pred Yes (Poss (mkPsor SG Canoe) (TheSG (mkKind River))) (StageLevelState (mkPropLoc (Near (mkItemDeitic It)))) || SENT-47::Pred Yes (Poss (mkPsor SG Canoe) (TheSG (mkKind River))) (StageLevelState (mkPropLoc (Near (mkItemDeitic She))))	MATCHED
48	igara paranã upé	a canoa é no rio	no		2	Pred Yes (mkItemNonDeitic (TheSG (mkKind Canoe))) (IndLevelState (mkPropLoc (In (mkItemNonDeitic (TheSG (mkKind River)))))) || Pred Yes (mkItemNonDeitic (TheSG (mkKind Canoe))) (IndLevelState (mkPropLoc (On (mkItemNonDeitic (TheSG (mkKind River))))))	SENT-48::Pred Yes (mkItemNonDeitic (TheSG (mkKind Canoe))) (IndLevelState (mkPropLoc (In (mkItemNonDeitic (TheSG (mkKind River)))))) || SENT-48::Pred Yes (mkItemNonDeitic (TheSG (mkKind Canoe))) (IndLevelState (mkPropLoc (On (mkItemNonDeitic (TheSG (mkKind River))))))	MATCHED
49	igara pusé sepiasuíma uiku	a pesada canoa está barata	yes	hil,ped,van	1	Pred Yes (mkItemNonDeitic (TheSG (Mod Heavy (mkKind Canoe)))) (StageLevelState (mkPropQual Cheap))	SENT-49::Pred Yes (mkItemNonDeitic (TheSG (Mod Heavy (mkKind Canoe)))) (StageLevelState (mkPropQual Cheap))	MATCHED
50	igara uiku ape	a canoa está lá	yes	ped	1	Pred Yes (mkItemNonDeitic (TheSG (mkKind Canoe))) (StageLevelState (mkPropLoc There))	SENT-50::Pred Yes (mkItemNonDeitic (TheSG (mkKind Canoe))) (StageLevelState (mkPropLoc There))	MATCHED
51	igara uiku paranã ruaki	a canoa está perto do rio	yes	ped	1	Pred Yes (mkItemNonDeitic (TheSG (mkKind Canoe))) (StageLevelState (mkPropLoc (Near (mkItemNonDeitic (TheSG (mkKind River))))))	SENT-51::Pred Yes (mkItemNonDeitic (TheSG (mkKind Canoe))) (StageLevelState (mkPropLoc (Near (mkItemNonDeitic (TheSG (mkKind River))))))	MATCHED
52	igara uiku paranã upé	a canoa está no rio	yes	ped	2	Pred Yes (mkItemNonDeitic (TheSG (mkKind Canoe))) (StageLevelState (mkPropLoc (In (mkItemNonDeitic (TheSG (mkKind River)))))) || Pred Yes (mkItemNonDeitic (TheSG (mkKind Canoe))) (StageLevelState (mkPropLoc (On (mkItemNonDeitic (TheSG (mkKind River))))))	SENT-52::Pred Yes (mkItemNonDeitic (TheSG (mkKind Canoe))) (StageLevelState (mkPropLoc (In (mkItemNonDeitic (TheSG (mkKind River)))))) || SENT-52::Pred Yes (mkItemNonDeitic (TheSG (mkKind Canoe))) (StageLevelState (mkPropLoc (On (mkItemNonDeitic (TheSG (mkKind River))))))	MATCHED
53	indé ne ruri	você é feliz	no		1	Pred Yes (mkItemDeitic YouSG) (IndLevelState (mkPropQual Happy))	SENT-53::Pred Yes (mkItemDeitic YouSG) (IndLevelState (mkPropQual Happy))	MATCHED
54	indé ne ruri reiku	você está feliz	no		1	Pred Yes (mkItemDeitic YouSG) (StageLevelState (mkPropQual Happy))	SENT-54::Pred Yes (mkItemDeitic YouSG) (StageLevelState (mkPropQual Happy))	MATCHED
55	indé ti ne ruri	você não é feliz	no		1	Pred No (mkItemDeitic YouSG) (IndLevelState (mkPropQual Happy))	SENT-55::Pred No (mkItemDeitic YouSG) (IndLevelState (mkPropQual Happy))	MATCHED
56	indé ti ne ruri reiku	você não está feliz	no		1	Pred No (mkItemDeitic YouSG) (StageLevelState (mkPropQual Happy))	SENT-56::Pred No (mkItemDeitic YouSG) (StageLevelState (mkPropQual Happy))	MATCHED
57	ixé aiku i irũmu	eu estou com ele || eu estou com ela	yes	hil,van	3	Pred Yes (mkItemDeitic I) (StageLevelState (mkPropLoc (With (mkItemDeitic He)))) || Pred Yes (mkItemDeitic I) (StageLevelState (mkPropLoc (With (mkItemDeitic It)))) || Pred Yes (mkItemDeitic I) (StageLevelState (mkPropLoc (With (mkItemDeitic She))))	SENT-57::Pred Yes (mkItemDeitic I) (StageLevelState (mkPropLoc (With (mkItemDeitic He)))) || SENT-57::Pred Yes (mkItemDeitic I) (StageLevelState (mkPropLoc (With (mkItemDeitic It)))) || SENT-57::Pred Yes (mkItemDeitic I) (StageLevelState (mkPropLoc (With (mkItemDeitic She))))	MATCHED
58	ixé aiku iké	eu estou aqui	yes	hil,van	1	Pred Yes (mkItemDeitic I) (StageLevelState (mkPropLoc Here))	SENT-58::Pred Yes (mkItemDeitic I) (StageLevelState (mkPropLoc Here))	MATCHED
59	ixé aiku suaki	eu estou perto dele || eu estou perto dela	no		3	Pred Yes (mkItemDeitic I) (StageLevelState (mkPropLoc (Near (mkItemDeitic He)))) || Pred Yes (mkItemDeitic I) (StageLevelState (mkPropLoc (Near (mkItemDeitic It)))) || Pred Yes (mkItemDeitic I) (StageLevelState (mkPropLoc (Near (mkItemDeitic She))))	SENT-59::Pred Yes (mkItemDeitic I) (StageLevelState (mkPropLoc (Near (mkItemDeitic He)))) || SENT-59::Pred Yes (mkItemDeitic I) (StageLevelState (mkPropLoc (Near (mkItemDeitic It)))) || SENT-59::Pred Yes (mkItemDeitic I) (StageLevelState (mkPropLoc (Near (mkItemDeitic She))))	MATCHED
60	ixé aiku suka ruaki	eu estou perto da casa dela || eu estou perto da casa dele	no		3	Pred Yes (mkItemDeitic I) (StageLevelState (mkPropLoc (Near (mkItemNonDeitic (TheSG (mkKind_ (Poss_ Her House))))))) || Pred Yes (mkItemDeitic I) (StageLevelState (mkPropLoc (Near (mkItemNonDeitic (TheSG (mkKind_ (Poss_ His House))))))) || Pred Yes (mkItemDeitic I) (StageLevelState (mkPropLoc (Near (mkItemNonDeitic (TheSG (mkKind_ (Poss_ Its House)))))))	SENT-60::Pred Yes (mkItemDeitic I) (StageLevelState (mkPropLoc (Near (mkItemNonDeitic (TheSG (mkKind_ (Poss_ Her House))))))) || SENT-60::Pred Yes (mkItemDeitic I) (StageLevelState (mkPropLoc (Near (mkItemNonDeitic (TheSG (mkKind_ (Poss_ His House))))))) || SENT-60::Pred Yes (mkItemDeitic I) (StageLevelState (mkPropLoc (Near (mkItemNonDeitic (TheSG (mkKind_ (Poss_ Its House)))))))	MATCHED
61	ixé i irũmu	eu sou com ele || eu sou com ela	no		3	Pred Yes (mkItemDeitic I) (IndLevelState (mkPropLoc (With (mkItemDeitic He)))) || Pred Yes (mkItemDeitic I) (IndLevelState (mkPropLoc (With (mkItemDeitic It)))) || Pred Yes (mkItemDeitic I) (IndLevelState (mkPropLoc (With (mkItemDeitic She))))	SENT-61::Pred Yes (mkItemDeitic I) (IndLevelState (mkPropLoc (With (mkItemDeitic He)))) || SENT-61::Pred Yes (mkItemDeitic I) (IndLevelState (mkPropLoc (With (mkItemDeitic It)))) || SENT-61::Pred Yes (mkItemDeitic I) (IndLevelState (mkPropLoc (With (mkItemDeitic She))))	MATCHED
62	ixé iké	eu sou aqui	no		1	Pred Yes (mkItemDeitic I) (IndLevelState (mkPropLoc Here))	SENT-62::Pred Yes (mkItemDeitic I) (IndLevelState (mkPropLoc Here))	MATCHED
63	ixé niti se ruri	eu não sou feliz	no		1	Pred No (mkItemDeitic I) (IndLevelState (mkPropQual Happy))	SENT-63::Pred No (mkItemDeitic I) (IndLevelState (mkPropQual Happy))	MATCHED
64	ixé niti se ruri aiku	eu não estou feliz	yes	hil,ped,van	1	Pred No (mkItemDeitic I) (StageLevelState (mkPropQual Happy))	SENT-64::Pred No (mkItemDeitic I) (StageLevelState (mkPropQual Happy))	MATCHED
65	ixé niti se ruri retana	eu não sou muito feliz	yes	van	1	Pred No (mkItemDeitic I) (IndLevelState (mkPropQual (Very Happy)))	SENT-65::Pred No (mkItemDeitic I) (IndLevelState (mkPropQual (Very Happy)))	MATCHED
66	ixé niti se ruri retana aiku	eu não estou muito feliz	yes	hil,ped,van	1	Pred No (mkItemDeitic I) (StageLevelState (mkPropQual (Very Happy)))	SENT-66::Pred No (mkItemDeitic I) (StageLevelState (mkPropQual (Very Happy)))	MATCHED
67	ixé se pusé	eu sou pesado	yes	hil,van	1	Pred Yes (mkItemDeitic I) (IndLevelState (mkPropQual Heavy))	SENT-67::Pred Yes (mkItemDeitic I) (IndLevelState (mkPropQual Heavy))	MATCHED
68	ixé se pusé aiku	eu estou pesado	no		1	Pred Yes (mkItemDeitic I) (StageLevelState (mkPropQual Heavy))	SENT-68::Pred Yes (mkItemDeitic I) (StageLevelState (mkPropQual Heavy))	MATCHED
69	ixé se ruri	eu sou feliz	no		1	Pred Yes (mkItemDeitic I) (IndLevelState (mkPropQual Happy))	SENT-69::Pred Yes (mkItemDeitic I) (IndLevelState (mkPropQual Happy))	MATCHED
70	ixé se ruri aiku	eu estou feliz	no		1	Pred Yes (mkItemDeitic I) (StageLevelState (mkPropQual Happy))	SENT-70::Pred Yes (mkItemDeitic I) (StageLevelState (mkPropQual Happy))	MATCHED
71	ixé suaki	eu sou perto dele || eu sou perto dela	no		3	Pred Yes (mkItemDeitic I) (IndLevelState (mkPropLoc (Near (mkItemDeitic He)))) || Pred Yes (mkItemDeitic I) (IndLevelState (mkPropLoc (Near (mkItemDeitic It)))) || Pred Yes (mkItemDeitic I) (IndLevelState (mkPropLoc (Near (mkItemDeitic She))))	SENT-71::Pred Yes (mkItemDeitic I) (IndLevelState (mkPropLoc (Near (mkItemDeitic He)))) || SENT-71::Pred Yes (mkItemDeitic I) (IndLevelState (mkPropLoc (Near (mkItemDeitic It)))) || SENT-71::Pred Yes (mkItemDeitic I) (IndLevelState (mkPropLoc (Near (mkItemDeitic She))))	MATCHED
72	ixé suka ruaki	eu sou perto da casa dela || eu sou perto da casa dele	no		3	Pred Yes (mkItemDeitic I) (IndLevelState (mkPropLoc (Near (mkItemNonDeitic (TheSG (mkKind_ (Poss_ Her House))))))) || Pred Yes (mkItemDeitic I) (IndLevelState (mkPropLoc (Near (mkItemNonDeitic (TheSG (mkKind_ (Poss_ His House))))))) || Pred Yes (mkItemDeitic I) (IndLevelState (mkPropLoc (Near (mkItemNonDeitic (TheSG (mkKind_ (Poss_ Its House)))))))	SENT-72::Pred Yes (mkItemDeitic I) (IndLevelState (mkPropLoc (Near (mkItemNonDeitic (TheSG (mkKind_ (Poss_ Her House))))))) || SENT-72::Pred Yes (mkItemDeitic I) (IndLevelState (mkPropLoc (Near (mkItemNonDeitic (TheSG (mkKind_ (Poss_ His House))))))) || SENT-72::Pred Yes (mkItemDeitic I) (IndLevelState (mkPropLoc (Near (mkItemNonDeitic (TheSG (mkKind_ (Poss_ Its House)))))))	MATCHED
73	ixé ti aiku suaki	eu não estou perto dele || eu não estou perto dela	yes	hil,van	3	Pred No (mkItemDeitic I) (StageLevelState (mkPropLoc (Near (mkItemDeitic He)))) || Pred No (mkItemDeitic I) (StageLevelState (mkPropLoc (Near (mkItemDeitic It)))) || Pred No (mkItemDeitic I) (StageLevelState (mkPropLoc (Near (mkItemDeitic She))))	SENT-73::Pred No (mkItemDeitic I) (StageLevelState (mkPropLoc (Near (mkItemDeitic He)))) || SENT-73::Pred No (mkItemDeitic I) (StageLevelState (mkPropLoc (Near (mkItemDeitic It)))) || SENT-73::Pred No (mkItemDeitic I) (StageLevelState (mkPropLoc (Near (mkItemDeitic She))))	MATCHED
74	ixé ti se ruri	eu não sou feliz	no		1	Pred No (mkItemDeitic I) (IndLevelState (mkPropQual Happy))	SENT-74::Pred No (mkItemDeitic I) (IndLevelState (mkPropQual Happy))	MATCHED
75	ixé ti se ruri aiku	eu não estou feliz	yes	hil,ped,van	1	Pred No (mkItemDeitic I) (StageLevelState (mkPropQual Happy))	SENT-75::Pred No (mkItemDeitic I) (StageLevelState (mkPropQual Happy))	MATCHED
76	ixé ti se ruri retana	eu não sou muito feliz	no		1	Pred No (mkItemDeitic I) (IndLevelState (mkPropQual (Very Happy)))	SENT-76::Pred No (mkItemDeitic I) (IndLevelState (mkPropQual (Very Happy)))	MATCHED
77	ixé ti se ruri retana aiku	eu não estou muito feliz	yes	hil,ped,van	1	Pred No (mkItemDeitic I) (StageLevelState (mkPropQual (Very Happy)))	SENT-77::Pred No (mkItemDeitic I) (StageLevelState (mkPropQual (Very Happy)))	MATCHED
78	ixé ti suaki	eu não sou perto dele || eu não sou perto dela	no		3	Pred No (mkItemDeitic I) (IndLevelState (mkPropLoc (Near (mkItemDeitic He)))) || Pred No (mkItemDeitic I) (IndLevelState (mkPropLoc (Near (mkItemDeitic It)))) || Pred No (mkItemDeitic I) (IndLevelState (mkPropLoc (Near (mkItemDeitic She))))	SENT-78::Pred No (mkItemDeitic I) (IndLevelState (mkPropLoc (Near (mkItemDeitic He)))) || SENT-78::Pred No (mkItemDeitic I) (IndLevelState (mkPropLoc (Near (mkItemDeitic It)))) || SENT-78::Pred No (mkItemDeitic I) (IndLevelState (mkPropLoc (Near (mkItemDeitic She))))	MATCHED
79	kunhã mimbira-itá se irũmu	as filhas da mulher são comigo || os filhos da mulher são comigo	no		2	Pred Yes (Poss (mkPsor SG Woman) (ThePL (mkKind Daughter_Of_Woman))) (IndLevelState (mkPropLoc (With (mkItemDeitic I)))) || Pred Yes (Poss (mkPsor SG Woman) (ThePL (mkKind Son_Of_Woman))) (IndLevelState (mkPropLoc (With (mkItemDeitic I))))	SENT-79::Pred Yes (Poss (mkPsor SG Woman) (ThePL (mkKind Daughter_Of_Woman))) (IndLevelState (mkPropLoc (With (mkItemDeitic I)))) || SENT-79::Pred Yes (Poss (mkPsor SG Woman) (ThePL (mkKind Son_Of_Woman))) (IndLevelState (mkPropLoc (With (mkItemDeitic I))))	MATCHED
80	kunhã mimbira-itá uiku se irũmu	as filhas da mulher estão comigo || os filhos da mulher estão comigo	yes	hil	2	Pred Yes (Poss (mkPsor SG Woman) (ThePL (mkKind Daughter_Of_Woman))) (StageLevelState (mkPropLoc (With (mkItemDeitic I)))) || Pred Yes (Poss (mkPsor SG Woman) (ThePL (mkKind Son_Of_Woman))) (StageLevelState (mkPropLoc (With (mkItemDeitic I))))	SENT-80::Pred Yes (Poss (mkPsor SG Woman) (ThePL (mkKind Daughter_Of_Woman))) (StageLevelState (mkPropLoc (With (mkItemDeitic I)))) || SENT-80::Pred Yes (Poss (mkPsor SG Woman) (ThePL (mkKind Son_Of_Woman))) (StageLevelState (mkPropLoc (With (mkItemDeitic I))))	MATCHED
81	kunhã puranga	a mulher é bonita	no		1	Pred Yes (mkItemNonDeitic (TheSG (mkKind Woman))) (IndLevelState (mkPropQual Beautiful))	SENT-81::Pred Yes (mkItemNonDeitic (TheSG (mkKind Woman))) (IndLevelState (mkPropQual Beautiful))	MATCHED
82	kunhã puranga uiku	a mulher está bonita	yes	hil,van	1	Pred Yes (mkItemNonDeitic (TheSG (mkKind Woman))) (StageLevelState (mkPropQual Beautiful))	SENT-82::Pred Yes (mkItemNonDeitic (TheSG (mkKind Woman))) (StageLevelState (mkPropQual Beautiful))	MATCHED
83	kunhã raíra-itá se irũmu	os filhos da mulher são comigo	no		1	Pred Yes (Poss (mkPsor SG Woman) (ThePL (mkKind Son_Of_Man))) (IndLevelState (mkPropLoc (With (mkItemDeitic I))))	SENT-83::Pred Yes (Poss (mkPsor SG Woman) (ThePL (mkKind Son_Of_Man))) (IndLevelState (mkPropLoc (With (mkItemDeitic I))))	MATCHED
84	kunhã raíra-itá uiku se irũmu	os filhos da mulher estão comigo	yes	hil	1	Pred Yes (Poss (mkPsor SG Woman) (ThePL (mkKind Son_Of_Man))) (StageLevelState (mkPropLoc (With (mkItemDeitic I))))	SENT-84::Pred Yes (Poss (mkPsor SG Woman) (ThePL (mkKind Son_Of_Man))) (StageLevelState (mkPropLoc (With (mkItemDeitic I))))	MATCHED
85	kunhã suri	a mulher é feliz	no		1	Pred Yes (mkItemNonDeitic (TheSG (mkKind Woman))) (IndLevelState (mkPropQual Happy))	SENT-85::Pred Yes (mkItemNonDeitic (TheSG (mkKind Woman))) (IndLevelState (mkPropQual Happy))	MATCHED
86	kunhã suri uiku	a mulher está feliz	yes	hil,van	1	Pred Yes (mkItemNonDeitic (TheSG (mkKind Woman))) (StageLevelState (mkPropQual Happy))	SENT-86::Pred Yes (mkItemNonDeitic (TheSG (mkKind Woman))) (StageLevelState (mkPropQual Happy))	MATCHED
87	kunhã-itá puranga	as mulheres são bonitas	no		1	Pred Yes (mkItemNonDeitic (ThePL (mkKind Woman))) (IndLevelState (mkPropQual Beautiful))	SENT-87::Pred Yes (mkItemNonDeitic (ThePL (mkKind Woman))) (IndLevelState (mkPropQual Beautiful))	MATCHED
88	kunhã-itá puranga uiku	as mulheres estão bonitas	yes	hil,van	1	Pred Yes (mkItemNonDeitic (ThePL (mkKind Woman))) (StageLevelState (mkPropQual Beautiful))	SENT-88::Pred Yes (mkItemNonDeitic (ThePL (mkKind Woman))) (StageLevelState (mkPropQual Beautiful))	MATCHED
89	kurumĩ rendaua ne taua ruaki	a comunidade do menino é perto da sua cidade	no		1	Pred Yes (Poss (mkPsor SG Boy) (TheSG (mkKind Community))) (IndLevelState (mkPropLoc (Near (mkItemNonDeitic (TheSG (mkKind_ (Poss_ YourSG City)))))))	SENT-89::Pred Yes (Poss (mkPsor SG Boy) (TheSG (mkKind Community))) (IndLevelState (mkPropLoc (Near (mkItemNonDeitic (TheSG (mkKind_ (Poss_ YourSG City)))))))	MATCHED
90	kurumĩ rendaua pe taua ruaki	a comunidade do menino é perto da cidade de vocês	yes	ped	1	Pred Yes (Poss (mkPsor SG Boy) (TheSG (mkKind Community))) (IndLevelState (mkPropLoc (Near (mkItemNonDeitic (TheSG (mkKind_ (Poss_ YourPL City)))))))	SENT-90::Pred Yes (Poss (mkPsor SG Boy) (TheSG (mkKind Community))) (IndLevelState (mkPropLoc (Near (mkItemNonDeitic (TheSG (mkKind_ (Poss_ YourPL City)))))))	MATCHED
91	kurumĩ rendaua uiku ne taua ruaki	a comunidade do menino está perto da sua cidade	no		1	Pred Yes (Poss (mkPsor SG Boy) (TheSG (mkKind Community))) (StageLevelState (mkPropLoc (Near (mkItemNonDeitic (TheSG (mkKind_ (Poss_ YourSG City)))))))	SENT-91::Pred Yes (Poss (mkPsor SG Boy) (TheSG (mkKind Community))) (StageLevelState (mkPropLoc (Near (mkItemNonDeitic (TheSG (mkKind_ (Poss_ YourSG City)))))))	MATCHED
92	kurumĩ rendaua uiku pe taua ruaki	a comunidade do menino está perto da cidade de vocês	no		1	Pred Yes (Poss (mkPsor SG Boy) (TheSG (mkKind Community))) (StageLevelState (mkPropLoc (Near (mkItemNonDeitic (TheSG (mkKind_ (Poss_ YourPL City)))))))	SENT-92::Pred Yes (Poss (mkPsor SG Boy) (TheSG (mkKind Community))) (StageLevelState (mkPropLoc (Near (mkItemNonDeitic (TheSG (mkKind_ (Poss_ YourPL City)))))))	MATCHED
93	kuá itá i pusé	esta pedra é pesada	yes	hil,van	1	Pred Yes (mkItemNonDeitic (This (mkKind Stone))) (IndLevelState (mkPropQual Heavy))	SENT-93::Pred Yes (mkItemNonDeitic (This (mkKind Stone))) (IndLevelState (mkPropQual Heavy))	MATCHED
94	kuá itá i pusé retana	esta pedra é muito pesada	no		1	Pred Yes (mkItemNonDeitic (This (mkKind Stone))) (IndLevelState (mkPropQual (Very Heavy)))	SENT-94::Pred Yes (mkItemNonDeitic (This (mkKind Stone))) (IndLevelState (mkPropQual (Very Heavy)))	MATCHED
95	kuá itá i pusé retana uiku	esta pedra está muito pesada	yes	hil,van	1	Pred Yes (mkItemNonDeitic (This (mkKind Stone))) (StageLevelState (mkPropQual (Very Heavy)))	SENT-95::Pred Yes (mkItemNonDeitic (This (mkKind Stone))) (StageLevelState (mkPropQual (Very Heavy)))	MATCHED
96	kuá itá i pusé uiku	esta pedra está pesada	yes	hil,van	1	Pred Yes (mkItemNonDeitic (This (mkKind Stone))) (StageLevelState (mkPropQual Heavy))	SENT-96::Pred Yes (mkItemNonDeitic (This (mkKind Stone))) (StageLevelState (mkPropQual Heavy))	MATCHED
97	kuá itá-itá aintá pusé	estas pedras são pesadas	no		1	Pred Yes (mkItemNonDeitic (These (mkKind Stone))) (IndLevelState (mkPropQual Heavy))	SENT-97::Pred Yes (mkItemNonDeitic (These (mkKind Stone))) (IndLevelState (mkPropQual Heavy))	MATCHED
98	kuá itá-itá aintá pusé uiku	estas pedras estão pesadas	yes	hil,van	1	Pred Yes (mkItemNonDeitic (These (mkKind Stone))) (StageLevelState (mkPropQual Heavy))	SENT-98::Pred Yes (mkItemNonDeitic (These (mkKind Stone))) (StageLevelState (mkPropQual Heavy))	MATCHED
99	kuá itá-itá ta pusé	estas pedras são pesadas	no		1	Pred Yes (mkItemNonDeitic (These (mkKind Stone))) (IndLevelState (mkPropQual Heavy))	SENT-99::Pred Yes (mkItemNonDeitic (These (mkKind Stone))) (IndLevelState (mkPropQual Heavy))	MATCHED
100	kuá itá-itá ta pusé uiku	estas pedras estão pesadas	yes	hil,van	1	Pred Yes (mkItemNonDeitic (These (mkKind Stone))) (StageLevelState (mkPropQual Heavy))	SENT-100::Pred Yes (mkItemNonDeitic (These (mkKind Stone))) (StageLevelState (mkPropQual Heavy))	MATCHED
101	kuá kambi saku	este leite é quente	no		1	Pred Yes (mkItemNonDeitic (This (mkKind Milk))) (IndLevelState (mkPropQual Hot))	SENT-101::Pred Yes (mkItemNonDeitic (This (mkKind Milk))) (IndLevelState (mkPropQual Hot))	MATCHED
102	kuá kambi saku uiku	este leite está quente	yes	hil,van	1	Pred Yes (mkItemNonDeitic (This (mkKind Milk))) (StageLevelState (mkPropQual Hot))	SENT-102::Pred Yes (mkItemNonDeitic (This (mkKind Milk))) (StageLevelState (mkPropQual Hot))	MATCHED
103	kuá pirá-itá piranga sepiasuíma uiku	estes vermelhos peixes estão baratos	no		1	Pred Yes (mkItemNonDeitic (These (Mod Red (mkKind Fish)))) (StageLevelState (mkPropQual Cheap))	SENT-103::Pred Yes (mkItemNonDeitic (These (Mod Red (mkKind Fish)))) (StageLevelState (mkPropQual Cheap))	MATCHED
104	kuá simiriku kisé ti uiku uka upé	esta faca da esposa não está na casa || esta faca da esposa dela não está na casa || esta faca da esposa dele não está na casa	yes	hil,van	8	Pred No (Poss (mkPsor SG Wife) (This (mkKind Knife))) (StageLevelState (mkPropLoc (In (mkItemNonDeitic (TheSG (mkKind House)))))) || Pred No (Poss (mkPsor SG Wife) (This (mkKind Knife))) (StageLevelState (mkPropLoc (On (mkItemNonDeitic (TheSG (mkKind House)))))) || Pred No (Poss (mkPsor_ SG (Poss_ Her Wife)) (This (mkKind Knife))) (StageLevelState (mkPropLoc (In (mkItemNonDeitic (TheSG (mkKind House)))))) || Pred No (Poss (mkPsor_ SG (Poss_ Her Wife)) (This (mkKind Knife))) (StageLevelState (mkPropLoc (On (mkItemNonDeitic (TheSG (mkKind House)))))) || Pred No (Poss (mkPsor_ SG (Poss_ His Wife)) (This (mkKind Knife))) (StageLevelState (mkPropLoc (In (mkItemNonDeitic (TheSG (mkKind House)))))) || Pred No (Poss (mkPsor_ SG (Poss_ His Wife)) (This (mkKind Knife))) (StageLevelState (mkPropLoc (On (mkItemNonDeitic (TheSG (mkKind House)))))) || Pred No (Poss (mkPsor_ SG (Poss_ Its Wife)) (This (mkKind Knife))) (StageLevelState (mkPropLoc (In (mkItemNonDeitic (TheSG (mkKind House)))))) || Pred No (Poss (mkPsor_ SG (Poss_ Its Wife)) (This (mkKind Knife))) (StageLevelState (mkPropLoc (On (mkItemNonDeitic (TheSG (mkKind House))))))	SENT-104::Pred No (Poss (mkPsor SG Wife) (This (mkKind Knife))) (StageLevelState (mkPropLoc (In (mkItemNonDeitic (TheSG (mkKind House)))))) || SENT-104::Pred No (Poss (mkPsor SG Wife) (This (mkKind Knife))) (StageLevelState (mkPropLoc (On (mkItemNonDeitic (TheSG (mkKind House)))))) || SENT-104::Pred No (Poss (mkPsor_ SG (Poss_ Her Wife)) (This (mkKind Knife))) (StageLevelState (mkPropLoc (In (mkItemNonDeitic (TheSG (mkKind House)))))) || SENT-104::Pred No (Poss (mkPsor_ SG (Poss_ Her Wife)) (This (mkKind Knife))) (StageLevelState (mkPropLoc (On (mkItemNonDeitic (TheSG (mkKind House)))))) || SENT-104::Pred No (Poss (mkPsor_ SG (Poss_ His Wife)) (This (mkKind Knife))) (StageLevelState (mkPropLoc (In (mkItemNonDeitic (TheSG (mkKind House)))))) || SENT-104::Pred No (Poss (mkPsor_ SG (Poss_ His Wife)) (This (mkKind Knife))) (StageLevelState (mkPropLoc (On (mkItemNonDeitic (TheSG (mkKind House)))))) || SENT-104::Pred No (Poss (mkPsor_ SG (Poss_ Its Wife)) (This (mkKind Knife))) (StageLevelState (mkPropLoc (In (mkItemNonDeitic (TheSG (mkKind House)))))) || SENT-104::Pred No (Poss (mkPsor_ SG (Poss_ Its Wife)) (This (mkKind Knife))) (StageLevelState (mkPropLoc (On (mkItemNonDeitic (TheSG (mkKind House))))))	MATCHED
105	kuá simiriku kisé ti uka upé	esta faca da esposa não é na casa || esta faca da esposa dela não é na casa || esta faca da esposa dele não é na casa	no		8	Pred No (Poss (mkPsor SG Wife) (This (mkKind Knife))) (IndLevelState (mkPropLoc (In (mkItemNonDeitic (TheSG (mkKind House)))))) || Pred No (Poss (mkPsor SG Wife) (This (mkKind Knife))) (IndLevelState (mkPropLoc (On (mkItemNonDeitic (TheSG (mkKind House)))))) || Pred No (Poss (mkPsor_ SG (Poss_ Her Wife)) (This (mkKind Knife))) (IndLevelState (mkPropLoc (In (mkItemNonDeitic (TheSG (mkKind House)))))) || Pred No (Poss (mkPsor_ SG (Poss_ Her Wife)) (This (mkKind Knife))) (IndLevelState (mkPropLoc (On (mkItemNonDeitic (TheSG (mkKind House)))))) || Pred No (Poss (mkPsor_ SG (Poss_ His Wife)) (This (mkKind Knife))) (IndLevelState (mkPropLoc (In (mkItemNonDeitic (TheSG (mkKind House)))))) || Pred No (Poss (mkPsor_ SG (Poss_ His Wife)) (This (mkKind Knife))) (IndLevelState (mkPropLoc (On (mkItemNonDeitic (TheSG (mkKind House)))))) || Pred No (Poss (mkPsor_ SG (Poss_ Its Wife)) (This (mkKind Knife))) (IndLevelState (mkPropLoc (In (mkItemNonDeitic (TheSG (mkKind House)))))) || Pred No (Poss (mkPsor_ SG (Poss_ Its Wife)) (This (mkKind Knife))) (IndLevelState (mkPropLoc (On (mkItemNonDeitic (TheSG (mkKind House))))))	SENT-105::Pred No (Poss (mkPsor SG Wife) (This (mkKind Knife))) (IndLevelState (mkPropLoc (In (mkItemNonDeitic (TheSG (mkKind House)))))) || SENT-105::Pred No (Poss (mkPsor SG Wife) (This (mkKind Knife))) (IndLevelState (mkPropLoc (On (mkItemNonDeitic (TheSG (mkKind House)))))) || SENT-105::Pred No (Poss (mkPsor_ SG (Poss_ Her Wife)) (This (mkKind Knife))) (IndLevelState (mkPropLoc (In (mkItemNonDeitic (TheSG (mkKind House)))))) || SENT-105::Pred No (Poss (mkPsor_ SG (Poss_ Her Wife)) (This (mkKind Knife))) (IndLevelState (mkPropLoc (On (mkItemNonDeitic (TheSG (mkKind House)))))) || SENT-105::Pred No (Poss (mkPsor_ SG (Poss_ His Wife)) (This (mkKind Knife))) (IndLevelState (mkPropLoc (In (mkItemNonDeitic (TheSG (mkKind House)))))) || SENT-105::Pred No (Poss (mkPsor_ SG (Poss_ His Wife)) (This (mkKind Knife))) (IndLevelState (mkPropLoc (On (mkItemNonDeitic (TheSG (mkKind House)))))) || SENT-105::Pred No (Poss (mkPsor_ SG (Poss_ Its Wife)) (This (mkKind Knife))) (IndLevelState (mkPropLoc (In (mkItemNonDeitic (TheSG (mkKind House)))))) || SENT-105::Pred No (Poss (mkPsor_ SG (Poss_ Its Wife)) (This (mkKind Knife))) (IndLevelState (mkPropLoc (On (mkItemNonDeitic (TheSG (mkKind House))))))	MATCHED
106	kuá supiá-itá rangaua puranga	esta fotografia dos ovos é bonita || esta fotografia dos ovos dela é bonita || esta fotografia dos ovos dele é bonita	yes	van	4	Pred Yes (Poss (mkPsor PL Egg) (This (mkKind Picture))) (IndLevelState (mkPropQual Beautiful)) || Pred Yes (Poss (mkPsor_ PL (Poss_ Her Egg)) (This (mkKind Picture))) (IndLevelState (mkPropQual Beautiful)) || Pred Yes (Poss (mkPsor_ PL (Poss_ His Egg)) (This (mkKind Picture))) (IndLevelState (mkPropQual Beautiful)) || Pred Yes (Poss (mkPsor_ PL (Poss_ Its Egg)) (This (mkKind Picture))) (IndLevelState (mkPropQual Beautiful))	SENT-106::Pred Yes (Poss (mkPsor PL Egg) (This (mkKind Picture))) (IndLevelState (mkPropQual Beautiful)) || SENT-106::Pred Yes (Poss (mkPsor_ PL (Poss_ Her Egg)) (This (mkKind Picture))) (IndLevelState (mkPropQual Beautiful)) || SENT-106::Pred Yes (Poss (mkPsor_ PL (Poss_ His Egg)) (This (mkKind Picture))) (IndLevelState (mkPropQual Beautiful)) || SENT-106::Pred Yes (Poss (mkPsor_ PL (Poss_ Its Egg)) (This (mkKind Picture))) (IndLevelState (mkPropQual Beautiful))	MATCHED
107	kuá supiá-itá rangaua puranga uiku	esta fotografia dos ovos está bonita || esta fotografia dos ovos dela está bonita || esta fotografia dos ovos dele está bonita	no		4	Pred Yes (Poss (mkPsor PL Egg) (This (mkKind Picture))) (StageLevelState (mkPropQual Beautiful)) || Pred Yes (Poss (mkPsor_ PL (Poss_ Her Egg)) (This (mkKind Picture))) (StageLevelState (mkPropQual Beautiful)) || Pred Yes (Poss (mkPsor_ PL (Poss_ His Egg)) (This (mkKind Picture))) (StageLevelState (mkPropQual Beautiful)) || Pred Yes (Poss (mkPsor_ PL (Poss_ Its Egg)) (This (mkKind Picture))) (StageLevelState (mkPropQual Beautiful))	SENT-107::Pred Yes (Poss (mkPsor PL Egg) (This (mkKind Picture))) (StageLevelState (mkPropQual Beautiful)) || SENT-107::Pred Yes (Poss (mkPsor_ PL (Poss_ Her Egg)) (This (mkKind Picture))) (StageLevelState (mkPropQual Beautiful)) || SENT-107::Pred Yes (Poss (mkPsor_ PL (Poss_ His Egg)) (This (mkKind Picture))) (StageLevelState (mkPropQual Beautiful)) || SENT-107::Pred Yes (Poss (mkPsor_ PL (Poss_ Its Egg)) (This (mkKind Picture))) (StageLevelState (mkPropQual Beautiful))	MATCHED
108	kuá supiá-itá sangaua puranga	esta fotografia dela dos ovos é bonita || esta fotografia dele dos ovos é bonita || esta fotografia dela dos ovos dela é bonita || esta fotografia dele dos ovos dela é bonita || esta fotografia dela dos ovos dele é bonita || esta fotografia dele dos ovos dele é bonita	no		12	Pred Yes (Poss (mkPsor PL Egg) (This (mkKind_ (Poss_ Her Picture)))) (IndLevelState (mkPropQual Beautiful)) || Pred Yes (Poss (mkPsor PL Egg) (This (mkKind_ (Poss_ His Picture)))) (IndLevelState (mkPropQual Beautiful)) || Pred Yes (Poss (mkPsor PL Egg) (This (mkKind_ (Poss_ Its Picture)))) (IndLevelState (mkPropQual Beautiful)) || Pred Yes (Poss (mkPsor_ PL (Poss_ Her Egg)) (This (mkKind_ (Poss_ Her Picture)))) (IndLevelState (mkPropQual Beautiful)) || Pred Yes (Poss (mkPsor_ PL (Poss_ Her Egg)) (This (mkKind_ (Poss_ His Picture)))) (IndLevelState (mkPropQual Beautiful)) || Pred Yes (Poss (mkPsor_ PL (Poss_ Her Egg)) (This (mkKind_ (Poss_ Its Picture)))) (IndLevelState (mkPropQual Beautiful)) || Pred Yes (Poss (mkPsor_ PL (Poss_ His Egg)) (This (mkKind_ (Poss_ Her Picture)))) (IndLevelState (mkPropQual Beautiful)) || Pred Yes (Poss (mkPsor_ PL (Poss_ His Egg)) (This (mkKind_ (Poss_ His Picture)))) (IndLevelState (mkPropQual Beautiful)) || Pred Yes (Poss (mkPsor_ PL (Poss_ His Egg)) (This (mkKind_ (Poss_ Its Picture)))) (IndLevelState (mkPropQual Beautiful)) || Pred Yes (Poss (mkPsor_ PL (Poss_ Its Egg)) (This (mkKind_ (Poss_ Her Picture)))) (IndLevelState (mkPropQual Beautiful)) || Pred Yes (Poss (mkPsor_ PL (Poss_ Its Egg)) (This (mkKind_ (Poss_ His Picture)))) (IndLevelState (mkPropQual Beautiful)) || Pred Yes (Poss (mkPsor_ PL (Poss_ Its Egg)) (This (mkKind_ (Poss_ Its Picture)))) (IndLevelState (mkPropQual Beautiful))	SENT-108::Pred Yes (Poss (mkPsor PL Egg) (This (mkKind_ (Poss_ Her Picture)))) (IndLevelState (mkPropQual Beautiful)) || SENT-108::Pred Yes (Poss (mkPsor PL Egg) (This (mkKind_ (Poss_ His Picture)))) (IndLevelState (mkPropQual Beautiful)) || SENT-108::Pred Yes (Poss (mkPsor PL Egg) (This (mkKind_ (Poss_ Its Picture)))) (IndLevelState (mkPropQual Beautiful)) || SENT-108::Pred Yes (Poss (mkPsor_ PL (Poss_ Her Egg)) (This (mkKind_ (Poss_ Her Picture)))) (IndLevelState (mkPropQual Beautiful)) || SENT-108::Pred Yes (Poss (mkPsor_ PL (Poss_ Her Egg)) (This (mkKind_ (Poss_ His Picture)))) (IndLevelState (mkPropQual Beautiful)) || SENT-108::Pred Yes (Poss (mkPsor_ PL (Poss_ Her Egg)) (This (mkKind_ (Poss_ Its Picture)))) (IndLevelState (mkPropQual Beautiful)) || SENT-108::Pred Yes (Poss (mkPsor_ PL (Poss_ His Egg)) (This (mkKind_ (Poss_ Her Picture)))) (IndLevelState (mkPropQual Beautiful)) || SENT-108::Pred Yes (Poss (mkPsor_ PL (Poss_ His Egg)) (This (mkKind_ (Poss_ His Picture)))) (IndLevelState (mkPropQual Beautiful)) || SENT-108::Pred Yes (Poss (mkPsor_ PL (Poss_ His Egg)) (This (mkKind_ (Poss_ Its Picture)))) (IndLevelState (mkPropQual Beautiful)) || SENT-108::Pred Yes (Poss (mkPsor_ PL (Poss_ Its Egg)) (This (mkKind_ (Poss_ Her Picture)))) (IndLevelState (mkPropQual Beautiful)) || SENT-108::Pred Yes (Poss (mkPsor_ PL (Poss_ Its Egg)) (This (mkKind_ (Poss_ His Picture)))) (IndLevelState (mkPropQual Beautiful)) || SENT-108::Pred Yes (Poss (mkPsor_ PL (Poss_ Its Egg)) (This (mkKind_ (Poss_ Its Picture)))) (IndLevelState (mkPropQual Beautiful))	MATCHED
109	kuá supiá-itá sangaua puranga uiku	esta fotografia dela dos ovos está bonita || esta fotografia dele dos ovos está bonita || esta fotografia dela dos ovos dela está bonita || esta fotografia dele dos ovos dela está bonita || esta fotografia dela dos ovos dele está bonita || esta fotografia dele dos ovos dele está bonita	no		12	Pred Yes (Poss (mkPsor PL Egg) (This (mkKind_ (Poss_ Her Picture)))) (StageLevelState (mkPropQual Beautiful)) || Pred Yes (Poss (mkPsor PL Egg) (This (mkKind_ (Poss_ His Picture)))) (StageLevelState (mkPropQual Beautiful)) || Pred Yes (Poss (mkPsor PL Egg) (This (mkKind_ (Poss_ Its Picture)))) (StageLevelState (mkPropQual Beautiful)) || Pred Yes (Poss (mkPsor_ PL (Poss_ Her Egg)) (This (mkKind_ (Poss_ Her Picture)))) (StageLevelState (mkPropQual Beautiful)) || Pred Yes (Poss (mkPsor_ PL (Poss_ Her Egg)) (This (mkKind_ (Poss_ His Picture)))) (StageLevelState (mkPropQual Beautiful)) || Pred Yes (Poss (mkPsor_ PL (Poss_ Her Egg)) (This (mkKind_ (Poss_ Its Picture)))) (StageLevelState (mkPropQual Beautiful)) || Pred Yes (Poss (mkPsor_ PL (Poss_ His Egg)) (This (mkKind_ (Poss_ Her Picture)))) (StageLevelState (mkPropQual Beautiful)) || Pred Yes (Poss (mkPsor_ PL (Poss_ His Egg)) (This (mkKind_ (Poss_ His Picture)))) (StageLevelState (mkPropQual Beautiful)) || Pred Yes (Poss (mkPsor_ PL (Poss_ His Egg)) (This (mkKind_ (Poss_ Its Picture)))) (StageLevelState (mkPropQual Beautiful)) || Pred Yes (Poss (mkPsor_ PL (Poss_ Its Egg)) (This (mkKind_ (Poss_ Her Picture)))) (StageLevelState (mkPropQual Beautiful)) || Pred Yes (Poss (mkPsor_ PL (Poss_ Its Egg)) (This (mkKind_ (Poss_ His Picture)))) (StageLevelState (mkPropQual Beautiful)) || Pred Yes (Poss (mkPsor_ PL (Poss_ Its Egg)) (This (mkKind_ (Poss_ Its Picture)))) (StageLevelState (mkPropQual Beautiful))	SENT-109::Pred Yes (Poss (mkPsor PL Egg) (This (mkKind_ (Poss_ Her Picture)))) (StageLevelState (mkPropQual Beautiful)) || SENT-109::Pred Yes (Poss (mkPsor PL Egg) (This (mkKind_ (Poss_ His Picture)))) (StageLevelState (mkPropQual Beautiful)) || SENT-109::Pred Yes (Poss (mkPsor PL Egg) (This (mkKind_ (Poss_ Its Picture)))) (StageLevelState (mkPropQual Beautiful)) || SENT-109::Pred Yes (Poss (mkPsor_ PL (Poss_ Her Egg)) (This (mkKind_ (Poss_ Her Picture)))) (StageLevelState (mkPropQual Beautiful)) || SENT-109::Pred Yes (Poss (mkPsor_ PL (Poss_ Her Egg)) (This (mkKind_ (Poss_ His Picture)))) (StageLevelState (mkPropQual Beautiful)) || SENT-109::Pred Yes (Poss (mkPsor_ PL (Poss_ Her Egg)) (This (mkKind_ (Poss_ Its Picture)))) (StageLevelState (mkPropQual Beautiful)) || SENT-109::Pred Yes (Poss (mkPsor_ PL (Poss_ His Egg)) (This (mkKind_ (Poss_ Her Picture)))) (StageLevelState (mkPropQual Beautiful)) || SENT-109::Pred Yes (Poss (mkPsor_ PL (Poss_ His Egg)) (This (mkKind_ (Poss_ His Picture)))) (StageLevelState (mkPropQual Beautiful)) || SENT-109::Pred Yes (Poss (mkPsor_ PL (Poss_ His Egg)) (This (mkKind_ (Poss_ Its Picture)))) (StageLevelState (mkPropQual Beautiful)) || SENT-109::Pred Yes (Poss (mkPsor_ PL (Poss_ Its Egg)) (This (mkKind_ (Poss_ Her Picture)))) (StageLevelState (mkPropQual Beautiful)) || SENT-109::Pred Yes (Poss (mkPsor_ PL (Poss_ Its Egg)) (This (mkKind_ (Poss_ His Picture)))) (StageLevelState (mkPropQual Beautiful)) || SENT-109::Pred Yes (Poss (mkPsor_ PL (Poss_ Its Egg)) (This (mkKind_ (Poss_ Its Picture)))) (StageLevelState (mkPropQual Beautiful))	MATCHED
110	kuá taína rangaua puranga	esta fotografia da criança é bonita	yes	hil,van	1	Pred Yes (Poss (mkPsor SG Child) (This (mkKind Picture))) (IndLevelState (mkPropQual Beautiful))	SENT-110::Pred Yes (Poss (mkPsor SG Child) (This (mkKind Picture))) (IndLevelState (mkPropQual Beautiful))	MATCHED
111	kuá taína rangaua puranga uiku	esta fotografia da criança está bonita	no		1	Pred Yes (Poss (mkPsor SG Child) (This (mkKind Picture))) (StageLevelState (mkPropQual Beautiful))	SENT-111::Pred Yes (Poss (mkPsor SG Child) (This (mkKind Picture))) (StageLevelState (mkPropQual Beautiful))	MATCHED
112	kuá-itá itá aintá pusé	estas pedras são pesadas	no		1	Pred Yes (mkItemNonDeitic (These (mkKind Stone))) (IndLevelState (mkPropQual Heavy))	SENT-112::Pred Yes (mkItemNonDeitic (These (mkKind Stone))) (IndLevelState (mkPropQual Heavy))	MATCHED
113	kuá-itá itá aintá pusé uiku	estas pedras estão pesadas	yes	hil,van	1	Pred Yes (mkItemNonDeitic (These (mkKind Stone))) (StageLevelState (mkPropQual Heavy))	SENT-113::Pred Yes (mkItemNonDeitic (These (mkKind Stone))) (StageLevelState (mkPropQual Heavy))	MATCHED
114	kuá-itá itá ta pusé	estas pedras são pesadas	no		1	Pred Yes (mkItemNonDeitic (These (mkKind Stone))) (IndLevelState (mkPropQual Heavy))	SENT-114::Pred Yes (mkItemNonDeitic (These (mkKind Stone))) (IndLevelState (mkPropQual Heavy))	MATCHED
115	kuá-itá itá ta pusé uiku	estas pedras estão pesadas	yes	hil,van	1	Pred Yes (mkItemNonDeitic (These (mkKind Stone))) (StageLevelState (mkPropQual Heavy))	SENT-115::Pred Yes (mkItemNonDeitic (These (mkKind Stone))) (StageLevelState (mkPropQual Heavy))	MATCHED
116	kuá-itá piranga pirá sepiasuíma	estes vermelhos peixes são baratos	no		1	Pred Yes (mkItemNonDeitic (These (Mod Red (mkKind Fish)))) (IndLevelState (mkPropQual Cheap))	SENT-116::Pred Yes (mkItemNonDeitic (These (Mod Red (mkKind Fish)))) (IndLevelState (mkPropQual Cheap))	MATCHED
117	kuá-itá piranga pirá sepiasuíma uiku	estes vermelhos peixes estão baratos	no		1	Pred Yes (mkItemNonDeitic (These (Mod Red (mkKind Fish)))) (StageLevelState (mkPropQual Cheap))	SENT-117::Pred Yes (mkItemNonDeitic (These (Mod Red (mkKind Fish)))) (StageLevelState (mkPropQual Cheap))	MATCHED
118	kuá-itá pirá piranga sepiasuíma uiku	estes vermelhos peixes estão baratos	no		1	Pred Yes (mkItemNonDeitic (These (Mod Red (mkKind Fish)))) (StageLevelState (mkPropQual Cheap))	SENT-118::Pred Yes (mkItemNonDeitic (These (Mod Red (mkKind Fish)))) (StageLevelState (mkPropQual Cheap))	MATCHED
119	kuá-itá sangaua rupiá puranga	estes ovos da fotografia são bonitos || estes ovos da fotografia dela são bonitos || estes ovos da fotografia dele são bonitos	yes	van	4	Pred Yes (Poss (mkPsor SG Picture) (These (mkKind Egg))) (IndLevelState (mkPropQual Beautiful)) || Pred Yes (Poss (mkPsor_ SG (Poss_ Her Picture)) (These (mkKind Egg))) (IndLevelState (mkPropQual Beautiful)) || Pred Yes (Poss (mkPsor_ SG (Poss_ His Picture)) (These (mkKind Egg))) (IndLevelState (mkPropQual Beautiful)) || Pred Yes (Poss (mkPsor_ SG (Poss_ Its Picture)) (These (mkKind Egg))) (IndLevelState (mkPropQual Beautiful))	SENT-119::Pred Yes (Poss (mkPsor SG Picture) (These (mkKind Egg))) (IndLevelState (mkPropQual Beautiful)) || SENT-119::Pred Yes (Poss (mkPsor_ SG (Poss_ Her Picture)) (These (mkKind Egg))) (IndLevelState (mkPropQual Beautiful)) || SENT-119::Pred Yes (Poss (mkPsor_ SG (Poss_ His Picture)) (These (mkKind Egg))) (IndLevelState (mkPropQual Beautiful)) || SENT-119::Pred Yes (Poss (mkPsor_ SG (Poss_ Its Picture)) (These (mkKind Egg))) (IndLevelState (mkPropQual Beautiful))	MATCHED
120	kuá-itá sangaua rupiá puranga uiku	estes ovos da fotografia estão bonitos || estes ovos da fotografia dela estão bonitos || estes ovos da fotografia dele estão bonitos	yes	hil,van	4	Pred Yes (Poss (mkPsor SG Picture) (These (mkKind Egg))) (StageLevelState (mkPropQual Beautiful)) || Pred Yes (Poss (mkPsor_ SG (Poss_ Her Picture)) (These (mkKind Egg))) (StageLevelState (mkPropQual Beautiful)) || Pred Yes (Poss (mkPsor_ SG (Poss_ His Picture)) (These (mkKind Egg))) (StageLevelState (mkPropQual Beautiful)) || Pred Yes (Poss (mkPsor_ SG (Poss_ Its Picture)) (These (mkKind Egg))) (StageLevelState (mkPropQual Beautiful))	SENT-120::Pred Yes (Poss (mkPsor SG Picture) (These (mkKind Egg))) (StageLevelState (mkPropQual Beautiful)) || SENT-120::Pred Yes (Poss (mkPsor_ SG (Poss_ Her Picture)) (These (mkKind Egg))) (StageLevelState (mkPropQual Beautiful)) || SENT-120::Pred Yes (Poss (mkPsor_ SG (Poss_ His Picture)) (These (mkKind Egg))) (StageLevelState (mkPropQual Beautiful)) || SENT-120::Pred Yes (Poss (mkPsor_ SG (Poss_ Its Picture)) (These (mkKind Egg))) (StageLevelState (mkPropQual Beautiful))	MATCHED
121	meiú saku	o beiju é quente	no		1	Pred Yes (mkItemNonDeitic (TheSG (mkKind Tapioca_Cake))) (IndLevelState (mkPropQual Hot))	SENT-121::Pred Yes (mkItemNonDeitic (TheSG (mkKind Tapioca_Cake))) (IndLevelState (mkPropQual Hot))	MATCHED
122	meiú saku uiku	o beiju está quente	yes	hil,van	1	Pred Yes (mkItemNonDeitic (TheSG (mkKind Tapioca_Cake))) (StageLevelState (mkPropQual Hot))	SENT-122::Pred Yes (mkItemNonDeitic (TheSG (mkKind Tapioca_Cake))) (StageLevelState (mkPropQual Hot))	MATCHED
123	meiú-itá aintá raku	os beijus são quentes	no		1	Pred Yes (mkItemNonDeitic (ThePL (mkKind Tapioca_Cake))) (IndLevelState (mkPropQual Hot))	SENT-123::Pred Yes (mkItemNonDeitic (ThePL (mkKind Tapioca_Cake))) (IndLevelState (mkPropQual Hot))	MATCHED
124	meiú-itá aintá raku uiku	os beijus estão quentes	yes	hil,van	1	Pred Yes (mkItemNonDeitic (ThePL (mkKind Tapioca_Cake))) (StageLevelState (mkPropQual Hot))	SENT-124::Pred Yes (mkItemNonDeitic (ThePL (mkKind Tapioca_Cake))) (StageLevelState (mkPropQual Hot))	MATCHED
125	meiú-itá ta raku uiku	os beijus estão quentes	yes	hil,van	1	Pred Yes (mkItemNonDeitic (ThePL (mkKind Tapioca_Cake))) (StageLevelState (mkPropQual Hot))	SENT-125::Pred Yes (mkItemNonDeitic (ThePL (mkKind Tapioca_Cake))) (StageLevelState (mkPropQual Hot))	MATCHED
126	mirá rakanga piranga	o galho da árvore é vermelho	yes	hil,van	1	Pred Yes (Poss (mkPsor SG Tree) (TheSG (mkKind Branch))) (IndLevelState (mkPropQual Red))	SENT-126::Pred Yes (Poss (mkPsor SG Tree) (TheSG (mkKind Branch))) (IndLevelState (mkPropQual Red))	MATCHED
127	mirá rakanga piranga uiku	o galho da árvore está vermelho	no		1	Pred Yes (Poss (mkPsor SG Tree) (TheSG (mkKind Branch))) (StageLevelState (mkPropQual Red))	SENT-127::Pred Yes (Poss (mkPsor SG Tree) (TheSG (mkKind Branch))) (StageLevelState (mkPropQual Red))	MATCHED
128	ne kiuíra aintá nheenga puranga	a delea língua do seu irmão é bonita || a delea palavra do seu irmão é bonita	no		2	Pred Yes (Poss (mkPsor_ SG (Poss_ YourSG Brother_Of_Woman)) (TheSG (mkKind_ (Poss_ Their Language)))) (IndLevelState (mkPropQual Beautiful)) || Pred Yes (Poss (mkPsor_ SG (Poss_ YourSG Brother_Of_Woman)) (TheSG (mkKind_ (Poss_ Their Word)))) (IndLevelState (mkPropQual Beautiful))	SENT-128::Pred Yes (Poss (mkPsor_ SG (Poss_ YourSG Brother_Of_Woman)) (TheSG (mkKind_ (Poss_ Their Language)))) (IndLevelState (mkPropQual Beautiful)) || SENT-128::Pred Yes (Poss (mkPsor_ SG (Poss_ YourSG Brother_Of_Woman)) (TheSG (mkKind_ (Poss_ Their Word)))) (IndLevelState (mkPropQual Beautiful))	MATCHED
129	ne kiuíra aintá nheenga puranga uiku	a delea língua do seu irmão está bonita || a delea palavra do seu irmão está bonita	no		2	Pred Yes (Poss (mkPsor_ SG (Poss_ YourSG Brother_Of_Woman)) (TheSG (mkKind_ (Poss_ Their Language)))) (StageLevelState (mkPropQual Beautiful)) || Pred Yes (Poss (mkPsor_ SG (Poss_ YourSG Brother_Of_Woman)) (TheSG (mkKind_ (Poss_ Their Word)))) (StageLevelState (mkPropQual Beautiful))	SENT-129::Pred Yes (Poss (mkPsor_ SG (Poss_ YourSG Brother_Of_Woman)) (TheSG (mkKind_ (Poss_ Their Language)))) (StageLevelState (mkPropQual Beautiful)) || SENT-129::Pred Yes (Poss (mkPsor_ SG (Poss_ YourSG Brother_Of_Woman)) (TheSG (mkKind_ (Poss_ Their Word)))) (StageLevelState (mkPropQual Beautiful))	MATCHED
130	ne kiuíra nheenga puranga	a língua do seu irmão é bonita || a palavra do seu irmão é bonita	yes	ped	2	Pred Yes (Poss (mkPsor_ SG (Poss_ YourSG Brother_Of_Woman)) (TheSG (mkKind Language))) (IndLevelState (mkPropQual Beautiful)) || Pred Yes (Poss (mkPsor_ SG (Poss_ YourSG Brother_Of_Woman)) (TheSG (mkKind Word))) (IndLevelState (mkPropQual Beautiful))	SENT-130::Pred Yes (Poss (mkPsor_ SG (Poss_ YourSG Brother_Of_Woman)) (TheSG (mkKind Language))) (IndLevelState (mkPropQual Beautiful)) || SENT-130::Pred Yes (Poss (mkPsor_ SG (Poss_ YourSG Brother_Of_Woman)) (TheSG (mkKind Word))) (IndLevelState (mkPropQual Beautiful))	MATCHED
131	ne kiuíra nheenga puranga uiku	a língua do seu irmão está bonita || a palavra do seu irmão está bonita	no		2	Pred Yes (Poss (mkPsor_ SG (Poss_ YourSG Brother_Of_Woman)) (TheSG (mkKind Language))) (StageLevelState (mkPropQual Beautiful)) || Pred Yes (Poss (mkPsor_ SG (Poss_ YourSG Brother_Of_Woman)) (TheSG (mkKind Word))) (StageLevelState (mkPropQual Beautiful))	SENT-131::Pred Yes (Poss (mkPsor_ SG (Poss_ YourSG Brother_Of_Woman)) (TheSG (mkKind Language))) (StageLevelState (mkPropQual Beautiful)) || SENT-131::Pred Yes (Poss (mkPsor_ SG (Poss_ YourSG Brother_Of_Woman)) (TheSG (mkKind Word))) (StageLevelState (mkPropQual Beautiful))	MATCHED
132	ne kiuíra ta nheenga puranga	a delea língua do seu irmão é bonita || a delea palavra do seu irmão é bonita	no		2	Pred Yes (Poss (mkPsor_ SG (Poss_ YourSG Brother_Of_Woman)) (TheSG (mkKind_ (Poss_ Their Language)))) (IndLevelState (mkPropQual Beautiful)) || Pred Yes (Poss (mkPsor_ SG (Poss_ YourSG Brother_Of_Woman)) (TheSG (mkKind_ (Poss_ Their Word)))) (IndLevelState (mkPropQual Beautiful))	SENT-132::Pred Yes (Poss (mkPsor_ SG (Poss_ YourSG Brother_Of_Woman)) (TheSG (mkKind_ (Poss_ Their Language)))) (IndLevelState (mkPropQual Beautiful)) || SENT-132::Pred Yes (Poss (mkPsor_ SG (Poss_ YourSG Brother_Of_Woman)) (TheSG (mkKind_ (Poss_ Their Word)))) (IndLevelState (mkPropQual Beautiful))	MATCHED
133	ne mena nheenga puranga	a língua do seu marido é bonita || a palavra do seu marido é bonita	yes	hil,van	2	Pred Yes (Poss (mkPsor_ SG (Poss_ YourSG Husband)) (TheSG (mkKind Language))) (IndLevelState (mkPropQual Beautiful)) || Pred Yes (Poss (mkPsor_ SG (Poss_ YourSG Husband)) (TheSG (mkKind Word))) (IndLevelState (mkPropQual Beautiful))	SENT-133::Pred Yes (Poss (mkPsor_ SG (Poss_ YourSG Husband)) (TheSG (mkKind Language))) (IndLevelState (mkPropQual Beautiful)) || SENT-133::Pred Yes (Poss (mkPsor_ SG (Poss_ YourSG Husband)) (TheSG (mkKind Word))) (IndLevelState (mkPropQual Beautiful))	MATCHED
134	ne mena nheenga puranga uiku	a língua do seu marido está bonita || a palavra do seu marido está bonita	no		2	Pred Yes (Poss (mkPsor_ SG (Poss_ YourSG Husband)) (TheSG (mkKind Language))) (StageLevelState (mkPropQual Beautiful)) || Pred Yes (Poss (mkPsor_ SG (Poss_ YourSG Husband)) (TheSG (mkKind Word))) (StageLevelState (mkPropQual Beautiful))	SENT-134::Pred Yes (Poss (mkPsor_ SG (Poss_ YourSG Husband)) (TheSG (mkKind Language))) (StageLevelState (mkPropQual Beautiful)) || SENT-134::Pred Yes (Poss (mkPsor_ SG (Poss_ YourSG Husband)) (TheSG (mkKind Word))) (StageLevelState (mkPropQual Beautiful))	MATCHED
135	ne rimbiú puranga retana	a sua comida é muito bonita	yes	hil,van	1	Pred Yes (mkItemNonDeitic (TheSG (mkKind_ (Poss_ YourSG Food)))) (IndLevelState (mkPropQual (Very Beautiful)))	SENT-135::Pred Yes (mkItemNonDeitic (TheSG (mkKind_ (Poss_ YourSG Food)))) (IndLevelState (mkPropQual (Very Beautiful)))	MATCHED
136	ne rimbiú puranga retana uiku	a sua comida está muito bonita	no		1	Pred Yes (mkItemNonDeitic (TheSG (mkKind_ (Poss_ YourSG Food)))) (StageLevelState (mkPropQual (Very Beautiful)))	SENT-136::Pred Yes (mkItemNonDeitic (TheSG (mkKind_ (Poss_ YourSG Food)))) (StageLevelState (mkPropQual (Very Beautiful)))	MATCHED
137	ne ruri	você é feliz	no		1	Pred Yes (mkItemDeitic YouSG) (IndLevelState (mkPropQual Happy))	SENT-137::Pred Yes (mkItemDeitic YouSG) (IndLevelState (mkPropQual Happy))	MATCHED
138	ne ruri reiku	você está feliz	no		1	Pred Yes (mkItemDeitic YouSG) (StageLevelState (mkPropQual Happy))	SENT-138::Pred Yes (mkItemDeitic YouSG) (StageLevelState (mkPropQual Happy))	MATCHED
139	nhaã Pedro pindá igara upé	aquele anzol do Pedro é na canoa || aquele Pedro é na canoa do anzol	no		4	Pred Yes (Poss (mkPsor SG Pedro) (That (mkKind Hook))) (IndLevelState (mkPropLoc (In (mkItemNonDeitic (TheSG (mkKind Canoe)))))) || Pred Yes (Poss (mkPsor SG Pedro) (That (mkKind Hook))) (IndLevelState (mkPropLoc (On (mkItemNonDeitic (TheSG (mkKind Canoe)))))) || Pred Yes (mkItemNonDeitic (That (mkKind Pedro))) (IndLevelState (mkPropLoc (In (Poss (mkPsor SG Hook) (TheSG (mkKind Canoe)))))) || Pred Yes (mkItemNonDeitic (That (mkKind Pedro))) (IndLevelState (mkPropLoc (On (Poss (mkPsor SG Hook) (TheSG (mkKind Canoe))))))	SENT-139::Pred Yes (Poss (mkPsor SG Pedro) (That (mkKind Hook))) (IndLevelState (mkPropLoc (In (mkItemNonDeitic (TheSG (mkKind Canoe)))))) || SENT-139::Pred Yes (Poss (mkPsor SG Pedro) (That (mkKind Hook))) (IndLevelState (mkPropLoc (On (mkItemNonDeitic (TheSG (mkKind Canoe)))))) || SENT-139::Pred Yes (mkItemNonDeitic (That (mkKind Pedro))) (IndLevelState (mkPropLoc (In (Poss (mkPsor SG Hook) (TheSG (mkKind Canoe)))))) || SENT-139::Pred Yes (mkItemNonDeitic (That (mkKind Pedro))) (IndLevelState (mkPropLoc (On (Poss (mkPsor SG Hook) (TheSG (mkKind Canoe))))))	MATCHED
140	nhaã Pedro pindá uiku igara kuara upé	aquele anzol do Pedro está na canoa	yes	hil,van	1	Pred Yes (Poss (mkPsor SG Pedro) (That (mkKind Hook))) (StageLevelState (mkPropLoc (In (mkItemNonDeitic (TheSG (mkKind Canoe))))))	SENT-140::Pred Yes (Poss (mkPsor SG Pedro) (That (mkKind Hook))) (StageLevelState (mkPropLoc (In (mkItemNonDeitic (TheSG (mkKind Canoe))))))	MATCHED
141	nhaã Pedro pindá uiku igara upé	aquele anzol do Pedro está na canoa	yes	hil,van	2	Pred Yes (Poss (mkPsor SG Pedro) (That (mkKind Hook))) (StageLevelState (mkPropLoc (In (mkItemNonDeitic (TheSG (mkKind Canoe)))))) || Pred Yes (Poss (mkPsor SG Pedro) (That (mkKind Hook))) (StageLevelState (mkPropLoc (On (mkItemNonDeitic (TheSG (mkKind Canoe))))))	SENT-141::Pred Yes (Poss (mkPsor SG Pedro) (That (mkKind Hook))) (StageLevelState (mkPropLoc (In (mkItemNonDeitic (TheSG (mkKind Canoe)))))) || SENT-141::Pred Yes (Poss (mkPsor SG Pedro) (That (mkKind Hook))) (StageLevelState (mkPropLoc (On (mkItemNonDeitic (TheSG (mkKind Canoe))))))	MATCHED
142	nhaã kunhã mimbira-itá uiku aintá irũmu	aquelas filhas da mulher estão com eles || aqueles filhos da mulher estão com eles	yes	hil,van	2	Pred Yes (Poss (mkPsor SG Woman) (Those (mkKind Daughter_Of_Woman))) (StageLevelState (mkPropLoc (With (mkItemDeitic They)))) || Pred Yes (Poss (mkPsor SG Woman) (Those (mkKind Son_Of_Woman))) (StageLevelState (mkPropLoc (With (mkItemDeitic They))))	SENT-142::Pred Yes (Poss (mkPsor SG Woman) (Those (mkKind Daughter_Of_Woman))) (StageLevelState (mkPropLoc (With (mkItemDeitic They)))) || SENT-142::Pred Yes (Poss (mkPsor SG Woman) (Those (mkKind Son_Of_Woman))) (StageLevelState (mkPropLoc (With (mkItemDeitic They))))	MATCHED
143	nhaã kurumĩ pindá igara pupé	aquele anzol do menino é na canoa || aquele menino é na canoa do anzol	yes	hil	2	Pred Yes (Poss (mkPsor SG Boy) (That (mkKind Hook))) (IndLevelState (mkPropLoc (In (mkItemNonDeitic (TheSG (mkKind Canoe)))))) || Pred Yes (mkItemNonDeitic (That (mkKind Boy))) (IndLevelState (mkPropLoc (In (Poss (mkPsor SG Hook) (TheSG (mkKind Canoe))))))	SENT-143::Pred Yes (Poss (mkPsor SG Boy) (That (mkKind Hook))) (IndLevelState (mkPropLoc (In (mkItemNonDeitic (TheSG (mkKind Canoe)))))) || SENT-143::Pred Yes (mkItemNonDeitic (That (mkKind Boy))) (IndLevelState (mkPropLoc (In (Poss (mkPsor SG Hook) (TheSG (mkKind Canoe))))))	MATCHED
144	nhaã kurumĩ pindá igara upé	aquele anzol do menino é na canoa || aquele menino é na canoa do anzol	yes	hil	4	Pred Yes (Poss (mkPsor SG Boy) (That (mkKind Hook))) (IndLevelState (mkPropLoc (In (mkItemNonDeitic (TheSG (mkKind Canoe)))))) || Pred Yes (Poss (mkPsor SG Boy) (That (mkKind Hook))) (IndLevelState (mkPropLoc (On (mkItemNonDeitic (TheSG (mkKind Canoe)))))) || Pred Yes (mkItemNonDeitic (That (mkKind Boy))) (IndLevelState (mkPropLoc (In (Poss (mkPsor SG Hook) (TheSG (mkKind Canoe)))))) || Pred Yes (mkItemNonDeitic (That (mkKind Boy))) (IndLevelState (mkPropLoc (On (Poss (mkPsor SG Hook) (TheSG (mkKind Canoe))))))	SENT-144::Pred Yes (Poss (mkPsor SG Boy) (That (mkKind Hook))) (IndLevelState (mkPropLoc (In (mkItemNonDeitic (TheSG (mkKind Canoe)))))) || SENT-144::Pred Yes (Poss (mkPsor SG Boy) (That (mkKind Hook))) (IndLevelState (mkPropLoc (On (mkItemNonDeitic (TheSG (mkKind Canoe)))))) || SENT-144::Pred Yes (mkItemNonDeitic (That (mkKind Boy))) (IndLevelState (mkPropLoc (In (Poss (mkPsor SG Hook) (TheSG (mkKind Canoe)))))) || SENT-144::Pred Yes (mkItemNonDeitic (That (mkKind Boy))) (IndLevelState (mkPropLoc (On (Poss (mkPsor SG Hook) (TheSG (mkKind Canoe))))))	MATCHED
145	nhaã kurumĩ pindá uiku igara upé	aquele anzol do menino está na canoa	yes	van	2	Pred Yes (Poss (mkPsor SG Boy) (That (mkKind Hook))) (StageLevelState (mkPropLoc (In (mkItemNonDeitic (TheSG (mkKind Canoe)))))) || Pred Yes (Poss (mkPsor SG Boy) (That (mkKind Hook))) (StageLevelState (mkPropLoc (On (mkItemNonDeitic (TheSG (mkKind Canoe))))))	SENT-145::Pred Yes (Poss (mkPsor SG Boy) (That (mkKind Hook))) (StageLevelState (mkPropLoc (In (mkItemNonDeitic (TheSG (mkKind Canoe)))))) || SENT-145::Pred Yes (Poss (mkPsor SG Boy) (That (mkKind Hook))) (StageLevelState (mkPropLoc (On (mkItemNonDeitic (TheSG (mkKind Canoe))))))	MATCHED
146	nhaã kurumĩ uiku pindá igara upé	aquele menino está na canoa do anzol	yes	van	2	Pred Yes (mkItemNonDeitic (That (mkKind Boy))) (StageLevelState (mkPropLoc (In (Poss (mkPsor SG Hook) (TheSG (mkKind Canoe)))))) || Pred Yes (mkItemNonDeitic (That (mkKind Boy))) (StageLevelState (mkPropLoc (On (Poss (mkPsor SG Hook) (TheSG (mkKind Canoe))))))	SENT-146::Pred Yes (mkItemNonDeitic (That (mkKind Boy))) (StageLevelState (mkPropLoc (In (Poss (mkPsor SG Hook) (TheSG (mkKind Canoe)))))) || SENT-146::Pred Yes (mkItemNonDeitic (That (mkKind Boy))) (StageLevelState (mkPropLoc (On (Poss (mkPsor SG Hook) (TheSG (mkKind Canoe))))))	MATCHED
147	nhaã se igara uiku paranã upé	aquela minha canoa está no rio	no		2	Pred Yes (mkItemNonDeitic (That (mkKind_ (Poss_ My Canoe)))) (StageLevelState (mkPropLoc (In (mkItemNonDeitic (TheSG (mkKind River)))))) || Pred Yes (mkItemNonDeitic (That (mkKind_ (Poss_ My Canoe)))) (StageLevelState (mkPropLoc (On (mkItemNonDeitic (TheSG (mkKind River))))))	SENT-147::Pred Yes (mkItemNonDeitic (That (mkKind_ (Poss_ My Canoe)))) (StageLevelState (mkPropLoc (In (mkItemNonDeitic (TheSG (mkKind River)))))) || SENT-147::Pred Yes (mkItemNonDeitic (That (mkKind_ (Poss_ My Canoe)))) (StageLevelState (mkPropLoc (On (mkItemNonDeitic (TheSG (mkKind River))))))	MATCHED
148	nhaã timbiú sepiasu retana	aquela comida é muito cara	yes	hil,ped,van	1	Pred Yes (mkItemNonDeitic (That (mkKind Food))) (IndLevelState (mkPropQual (Very Expensive)))	SENT-148::Pred Yes (mkItemNonDeitic (That (mkKind Food))) (IndLevelState (mkPropQual (Very Expensive)))	MATCHED
149	nhaã timbiú sepiasu retana uiku	aquela comida está muito cara	no		1	Pred Yes (mkItemNonDeitic (That (mkKind Food))) (StageLevelState (mkPropQual (Very Expensive)))	SENT-149::Pred Yes (mkItemNonDeitic (That (mkKind Food))) (StageLevelState (mkPropQual (Very Expensive)))	MATCHED
150	nhaã ximbiú puranga	aquela comida dela é bonita || aquela comida dele é bonita	yes	hil,van	3	Pred Yes (mkItemNonDeitic (That (mkKind_ (Poss_ Her Food)))) (IndLevelState (mkPropQual Beautiful)) || Pred Yes (mkItemNonDeitic (That (mkKind_ (Poss_ His Food)))) (IndLevelState (mkPropQual Beautiful)) || Pred Yes (mkItemNonDeitic (That (mkKind_ (Poss_ Its Food)))) (IndLevelState (mkPropQual Beautiful))	SENT-150::Pred Yes (mkItemNonDeitic (That (mkKind_ (Poss_ Her Food)))) (IndLevelState (mkPropQual Beautiful)) || SENT-150::Pred Yes (mkItemNonDeitic (That (mkKind_ (Poss_ His Food)))) (IndLevelState (mkPropQual Beautiful)) || SENT-150::Pred Yes (mkItemNonDeitic (That (mkKind_ (Poss_ Its Food)))) (IndLevelState (mkPropQual Beautiful))	MATCHED
151	nhaã ximiriku kisé ti uiku uka pupé	aquela faca da esposa dela não está na casa || aquela faca da esposa dele não está na casa	no		3	Pred No (Poss (mkPsor_ SG (Poss_ Her Wife)) (That (mkKind Knife))) (StageLevelState (mkPropLoc (In (mkItemNonDeitic (TheSG (mkKind House)))))) || Pred No (Poss (mkPsor_ SG (Poss_ His Wife)) (That (mkKind Knife))) (StageLevelState (mkPropLoc (In (mkItemNonDeitic (TheSG (mkKind House)))))) || Pred No (Poss (mkPsor_ SG (Poss_ Its Wife)) (That (mkKind Knife))) (StageLevelState (mkPropLoc (In (mkItemNonDeitic (TheSG (mkKind House))))))	SENT-151::Pred No (Poss (mkPsor_ SG (Poss_ Her Wife)) (That (mkKind Knife))) (StageLevelState (mkPropLoc (In (mkItemNonDeitic (TheSG (mkKind House)))))) || SENT-151::Pred No (Poss (mkPsor_ SG (Poss_ His Wife)) (That (mkKind Knife))) (StageLevelState (mkPropLoc (In (mkItemNonDeitic (TheSG (mkKind House)))))) || SENT-151::Pred No (Poss (mkPsor_ SG (Poss_ Its Wife)) (That (mkKind Knife))) (StageLevelState (mkPropLoc (In (mkItemNonDeitic (TheSG (mkKind House))))))	MATCHED
152	nhaã-itá kunhã mimbira aintá irũmu	aquelas filhas da mulher são com eles || aqueles filhos da mulher são com eles	no		2	Pred Yes (Poss (mkPsor SG Woman) (Those (mkKind Daughter_Of_Woman))) (IndLevelState (mkPropLoc (With (mkItemDeitic They)))) || Pred Yes (Poss (mkPsor SG Woman) (Those (mkKind Son_Of_Woman))) (IndLevelState (mkPropLoc (With (mkItemDeitic They))))	SENT-152::Pred Yes (Poss (mkPsor SG Woman) (Those (mkKind Daughter_Of_Woman))) (IndLevelState (mkPropLoc (With (mkItemDeitic They)))) || SENT-152::Pred Yes (Poss (mkPsor SG Woman) (Those (mkKind Son_Of_Woman))) (IndLevelState (mkPropLoc (With (mkItemDeitic They))))	MATCHED
153	nhaã-itá kunhã mimbira uiku aintá irũmu	aquelas filhas da mulher estão com eles || aqueles filhos da mulher estão com eles	yes	hil,van	2	Pred Yes (Poss (mkPsor SG Woman) (Those (mkKind Daughter_Of_Woman))) (StageLevelState (mkPropLoc (With (mkItemDeitic They)))) || Pred Yes (Poss (mkPsor SG Woman) (Those (mkKind Son_Of_Woman))) (StageLevelState (mkPropLoc (With (mkItemDeitic They))))	SENT-153::Pred Yes (Poss (mkPsor SG Woman) (Those (mkKind Daughter_Of_Woman))) (StageLevelState (mkPropLoc (With (mkItemDeitic They)))) || SENT-153::Pred Yes (Poss (mkPsor SG Woman) (Those (mkKind Son_Of_Woman))) (StageLevelState (mkPropLoc (With (mkItemDeitic They))))	MATCHED
154	nhaã-itá kunhã raíra aintá irũmu	aqueles filhos da mulher são com eles	no		1	Pred Yes (Poss (mkPsor SG Woman) (Those (mkKind Son_Of_Man))) (IndLevelState (mkPropLoc (With (mkItemDeitic They))))	SENT-154::Pred Yes (Poss (mkPsor SG Woman) (Those (mkKind Son_Of_Man))) (IndLevelState (mkPropLoc (With (mkItemDeitic They))))	MATCHED
155	nhaã-itá kunhã raíra uiku aintá irũmu	aqueles filhos da mulher estão com eles	yes	hil,van	1	Pred Yes (Poss (mkPsor SG Woman) (Those (mkKind Son_Of_Man))) (StageLevelState (mkPropLoc (With (mkItemDeitic They))))	SENT-155::Pred Yes (Poss (mkPsor SG Woman) (Those (mkKind Son_Of_Man))) (StageLevelState (mkPropLoc (With (mkItemDeitic They))))	MATCHED
156	nhaã-itá simiriku mimbira uiku aintá irũmu	aquelas filhas da esposa estão com eles || aqueles filhos da esposa estão com eles || aquelas filhas da esposa dela estão com eles || aqueles filhos da esposa dela estão com eles || aquelas filhas da esposa dele estão com eles || aqueles filhos da esposa dele estão com eles	no		8	Pred Yes (Poss (mkPsor SG Wife) (Those (mkKind Daughter_Of_Woman))) (StageLevelState (mkPropLoc (With (mkItemDeitic They)))) || Pred Yes (Poss (mkPsor SG Wife) (Those (mkKind Son_Of_Woman))) (StageLevelState (mkPropLoc (With (mkItemDeitic They)))) || Pred Yes (Poss (mkPsor_ SG (Poss_ Her Wife)) (Those (mkKind Daughter_Of_Woman))) (StageLevelState (mkPropLoc (With (mkItemDeitic They)))) || Pred Yes (Poss (mkPsor_ SG (Poss_ Her Wife)) (Those (mkKind Son_Of_Woman))) (StageLevelState (mkPropLoc (With (mkItemDeitic They)))) || Pred Yes (Poss (mkPsor_ SG (Poss_ His Wife)) (Those (mkKind Daughter_Of_Woman))) (StageLevelState (mkPropLoc (With (mkItemDeitic They)))) || Pred Yes (Poss (mkPsor_ SG (Poss_ His Wife)) (Those (mkKind Son_Of_Woman))) (StageLevelState (mkPropLoc (With (mkItemDeitic They)))) || Pred Yes (Poss (mkPsor_ SG (Poss_ Its Wife)) (Those (mkKind Daughter_Of_Woman))) (StageLevelState (mkPropLoc (With (mkItemDeitic They)))) || Pred Yes (Poss (mkPsor_ SG (Poss_ Its Wife)) (Those (mkKind Son_Of_Woman))) (StageLevelState (mkPropLoc (With (mkItemDeitic They))))	SENT-156::Pred Yes (Poss (mkPsor SG Wife) (Those (mkKind Daughter_Of_Woman))) (StageLevelState (mkPropLoc (With (mkItemDeitic They)))) || SENT-156::Pred Yes (Poss (mkPsor SG Wife) (Those (mkKind Son_Of_Woman))) (StageLevelState (mkPropLoc (With (mkItemDeitic They)))) || SENT-156::Pred Yes (Poss (mkPsor_ SG (Poss_ Her Wife)) (Those (mkKind Daughter_Of_Woman))) (StageLevelState (mkPropLoc (With (mkItemDeitic They)))) || SENT-156::Pred Yes (Poss (mkPsor_ SG (Poss_ Her Wife)) (Those (mkKind Son_Of_Woman))) (StageLevelState (mkPropLoc (With (mkItemDeitic They)))) || SENT-156::Pred Yes (Poss (mkPsor_ SG (Poss_ His Wife)) (Those (mkKind Daughter_Of_Woman))) (StageLevelState (mkPropLoc (With (mkItemDeitic They)))) || SENT-156::Pred Yes (Poss (mkPsor_ SG (Poss_ His Wife)) (Those (mkKind Son_Of_Woman))) (StageLevelState (mkPropLoc (With (mkItemDeitic They)))) || SENT-156::Pred Yes (Poss (mkPsor_ SG (Poss_ Its Wife)) (Those (mkKind Daughter_Of_Woman))) (StageLevelState (mkPropLoc (With (mkItemDeitic They)))) || SENT-156::Pred Yes (Poss (mkPsor_ SG (Poss_ Its Wife)) (Those (mkKind Son_Of_Woman))) (StageLevelState (mkPropLoc (With (mkItemDeitic They))))	MATCHED
157	nhaã-itá simiriku raíra uiku aintá irũmu	aqueles filhos da esposa estão com eles || aqueles filhos da esposa dela estão com eles || aqueles filhos da esposa dele estão com eles	no		4	Pred Yes (Poss (mkPsor SG Wife) (Those (mkKind Son_Of_Man))) (StageLevelState (mkPropLoc (With (mkItemDeitic They)))) || Pred Yes (Poss (mkPsor_ SG (Poss_ Her Wife)) (Those (mkKind Son_Of_Man))) (StageLevelState (mkPropLoc (With (mkItemDeitic They)))) || Pred Yes (Poss (mkPsor_ SG (Poss_ His Wife)) (Those (mkKind Son_Of_Man))) (StageLevelState (mkPropLoc (With (mkItemDeitic They)))) || Pred Yes (Poss (mkPsor_ SG (Poss_ Its Wife)) (Those (mkKind Son_Of_Man))) (StageLevelState (mkPropLoc (With (mkItemDeitic They))))	SENT-157::Pred Yes (Poss (mkPsor SG Wife) (Those (mkKind Son_Of_Man))) (StageLevelState (mkPropLoc (With (mkItemDeitic They)))) || SENT-157::Pred Yes (Poss (mkPsor_ SG (Poss_ Her Wife)) (Those (mkKind Son_Of_Man))) (StageLevelState (mkPropLoc (With (mkItemDeitic They)))) || SENT-157::Pred Yes (Poss (mkPsor_ SG (Poss_ His Wife)) (Those (mkKind Son_Of_Man))) (StageLevelState (mkPropLoc (With (mkItemDeitic They)))) || SENT-157::Pred Yes (Poss (mkPsor_ SG (Poss_ Its Wife)) (Those (mkKind Son_Of_Man))) (StageLevelState (mkPropLoc (With (mkItemDeitic They))))	MATCHED
158	niti se ruri	eu não sou feliz	no		1	Pred No (mkItemDeitic I) (IndLevelState (mkPropQual Happy))	SENT-158::Pred No (mkItemDeitic I) (IndLevelState (mkPropQual Happy))	MATCHED
159	pe kiuíra aintá nheenga puranga	a delea língua do irmão de vocês é bonita || a delea palavra do irmão de vocês é bonita	no		2	Pred Yes (Poss (mkPsor_ SG (Poss_ YourPL Brother_Of_Woman)) (TheSG (mkKind_ (Poss_ Their Language)))) (IndLevelState (mkPropQual Beautiful)) || Pred Yes (Poss (mkPsor_ SG (Poss_ YourPL Brother_Of_Woman)) (TheSG (mkKind_ (Poss_ Their Word)))) (IndLevelState (mkPropQual Beautiful))	SENT-159::Pred Yes (Poss (mkPsor_ SG (Poss_ YourPL Brother_Of_Woman)) (TheSG (mkKind_ (Poss_ Their Language)))) (IndLevelState (mkPropQual Beautiful)) || SENT-159::Pred Yes (Poss (mkPsor_ SG (Poss_ YourPL Brother_Of_Woman)) (TheSG (mkKind_ (Poss_ Their Word)))) (IndLevelState (mkPropQual Beautiful))	MATCHED
160	pe kiuíra aintá nheenga puranga uiku	a delea língua do irmão de vocês está bonita || a delea palavra do irmão de vocês está bonita	no		2	Pred Yes (Poss (mkPsor_ SG (Poss_ YourPL Brother_Of_Woman)) (TheSG (mkKind_ (Poss_ Their Language)))) (StageLevelState (mkPropQual Beautiful)) || Pred Yes (Poss (mkPsor_ SG (Poss_ YourPL Brother_Of_Woman)) (TheSG (mkKind_ (Poss_ Their Word)))) (StageLevelState (mkPropQual Beautiful))	SENT-160::Pred Yes (Poss (mkPsor_ SG (Poss_ YourPL Brother_Of_Woman)) (TheSG (mkKind_ (Poss_ Their Language)))) (StageLevelState (mkPropQual Beautiful)) || SENT-160::Pred Yes (Poss (mkPsor_ SG (Poss_ YourPL Brother_Of_Woman)) (TheSG (mkKind_ (Poss_ Their Word)))) (StageLevelState (mkPropQual Beautiful))	MATCHED
161	pe kiuíra nheenga puranga	a língua do irmão de vocês é bonita || a palavra do irmão de vocês é bonita	no		2	Pred Yes (Poss (mkPsor_ SG (Poss_ YourPL Brother_Of_Woman)) (TheSG (mkKind Language))) (IndLevelState (mkPropQual Beautiful)) || Pred Yes (Poss (mkPsor_ SG (Poss_ YourPL Brother_Of_Woman)) (TheSG (mkKind Word))) (IndLevelState (mkPropQual Beautiful))	SENT-161::Pred Yes (Poss (mkPsor_ SG (Poss_ YourPL Brother_Of_Woman)) (TheSG (mkKind Language))) (IndLevelState (mkPropQual Beautiful)) || SENT-161::Pred Yes (Poss (mkPsor_ SG (Poss_ YourPL Brother_Of_Woman)) (TheSG (mkKind Word))) (IndLevelState (mkPropQual Beautiful))	MATCHED
162	pe kiuíra nheenga puranga uiku	a língua do irmão de vocês está bonita || a palavra do irmão de vocês está bonita	no		2	Pred Yes (Poss (mkPsor_ SG (Poss_ YourPL Brother_Of_Woman)) (TheSG (mkKind Language))) (StageLevelState (mkPropQual Beautiful)) || Pred Yes (Poss (mkPsor_ SG (Poss_ YourPL Brother_Of_Woman)) (TheSG (mkKind Word))) (StageLevelState (mkPropQual Beautiful))	SENT-162::Pred Yes (Poss (mkPsor_ SG (Poss_ YourPL Brother_Of_Woman)) (TheSG (mkKind Language))) (StageLevelState (mkPropQual Beautiful)) || SENT-162::Pred Yes (Poss (mkPsor_ SG (Poss_ YourPL Brother_Of_Woman)) (TheSG (mkKind Word))) (StageLevelState (mkPropQual Beautiful))	MATCHED
163	pe mena nheenga puranga	a língua do marido de vocês é bonita || a palavra do marido de vocês é bonita	no		2	Pred Yes (Poss (mkPsor_ SG (Poss_ YourPL Husband)) (TheSG (mkKind Language))) (IndLevelState (mkPropQual Beautiful)) || Pred Yes (Poss (mkPsor_ SG (Poss_ YourPL Husband)) (TheSG (mkKind Word))) (IndLevelState (mkPropQual Beautiful))	SENT-163::Pred Yes (Poss (mkPsor_ SG (Poss_ YourPL Husband)) (TheSG (mkKind Language))) (IndLevelState (mkPropQual Beautiful)) || SENT-163::Pred Yes (Poss (mkPsor_ SG (Poss_ YourPL Husband)) (TheSG (mkKind Word))) (IndLevelState (mkPropQual Beautiful))	MATCHED
164	pe mena nheenga puranga uiku	a língua do marido de vocês está bonita || a palavra do marido de vocês está bonita	no		2	Pred Yes (Poss (mkPsor_ SG (Poss_ YourPL Husband)) (TheSG (mkKind Language))) (StageLevelState (mkPropQual Beautiful)) || Pred Yes (Poss (mkPsor_ SG (Poss_ YourPL Husband)) (TheSG (mkKind Word))) (StageLevelState (mkPropQual Beautiful))	SENT-164::Pred Yes (Poss (mkPsor_ SG (Poss_ YourPL Husband)) (TheSG (mkKind Language))) (StageLevelState (mkPropQual Beautiful)) || SENT-164::Pred Yes (Poss (mkPsor_ SG (Poss_ YourPL Husband)) (TheSG (mkKind Word))) (StageLevelState (mkPropQual Beautiful))	MATCHED
165	pe rimbiú puranga retana	a comida de vocês é muito bonita	no		1	Pred Yes (mkItemNonDeitic (TheSG (mkKind_ (Poss_ YourPL Food)))) (IndLevelState (mkPropQual (Very Beautiful)))	SENT-165::Pred Yes (mkItemNonDeitic (TheSG (mkKind_ (Poss_ YourPL Food)))) (IndLevelState (mkPropQual (Very Beautiful)))	MATCHED
166	pe rimbiú puranga retana uiku	a comida de vocês está muito bonita	no		1	Pred Yes (mkItemNonDeitic (TheSG (mkKind_ (Poss_ YourPL Food)))) (StageLevelState (mkPropQual (Very Beautiful)))	SENT-166::Pred Yes (mkItemNonDeitic (TheSG (mkKind_ (Poss_ YourPL Food)))) (StageLevelState (mkPropQual (Very Beautiful)))	MATCHED
167	pe ruri peiku	vocês estão felizes	no		1	Pred Yes (mkItemDeitic YouPL) (StageLevelState (mkPropQual Happy))	SENT-167::Pred Yes (mkItemDeitic YouPL) (StageLevelState (mkPropQual Happy))	MATCHED
168	penhẽ pe ruri	vocês são felizes	no		1	Pred Yes (mkItemDeitic YouPL) (IndLevelState (mkPropQual Happy))	SENT-168::Pred Yes (mkItemDeitic YouPL) (IndLevelState (mkPropQual Happy))	MATCHED
169	penhẽ pe ruri peiku	vocês estão felizes	no		1	Pred Yes (mkItemDeitic YouPL) (StageLevelState (mkPropQual Happy))	SENT-169::Pred Yes (mkItemDeitic YouPL) (StageLevelState (mkPropQual Happy))	MATCHED
170	penhẽ ti pe ruri	vocês não são felizes	no		1	Pred No (mkItemDeitic YouPL) (IndLevelState (mkPropQual Happy))	SENT-170::Pred No (mkItemDeitic YouPL) (IndLevelState (mkPropQual Happy))	MATCHED
171	penhẽ ti pe ruri peiku	vocês não estão felizes	no		1	Pred No (mkItemDeitic YouPL) (StageLevelState (mkPropQual Happy))	SENT-171::Pred No (mkItemDeitic YouPL) (StageLevelState (mkPropQual Happy))	MATCHED
172	pusé igara sepiasuíma	a pesada canoa é barata	no		1	Pred Yes (mkItemNonDeitic (TheSG (Mod Heavy (mkKind Canoe)))) (IndLevelState (mkPropQual Cheap))	SENT-172::Pred Yes (mkItemNonDeitic (TheSG (Mod Heavy (mkKind Canoe)))) (IndLevelState (mkPropQual Cheap))	MATCHED
173	pusé igara sepiasuíma uiku	a pesada canoa está barata	yes	hil,ped,van	1	Pred Yes (mkItemNonDeitic (TheSG (Mod Heavy (mkKind Canoe)))) (StageLevelState (mkPropQual Cheap))	SENT-173::Pred Yes (mkItemNonDeitic (TheSG (Mod Heavy (mkKind Canoe)))) (StageLevelState (mkPropQual Cheap))	MATCHED
174	sangaua puranga	a fotografia é bonita || a fotografia dela é bonita || a fotografia dele é bonita	no		4	Pred Yes (mkItemNonDeitic (TheSG (mkKind Picture))) (IndLevelState (mkPropQual Beautiful)) || Pred Yes (mkItemNonDeitic (TheSG (mkKind_ (Poss_ Her Picture)))) (IndLevelState (mkPropQual Beautiful)) || Pred Yes (mkItemNonDeitic (TheSG (mkKind_ (Poss_ His Picture)))) (IndLevelState (mkPropQual Beautiful)) || Pred Yes (mkItemNonDeitic (TheSG (mkKind_ (Poss_ Its Picture)))) (IndLevelState (mkPropQual Beautiful))	SENT-174::Pred Yes (mkItemNonDeitic (TheSG (mkKind Picture))) (IndLevelState (mkPropQual Beautiful)) || SENT-174::Pred Yes (mkItemNonDeitic (TheSG (mkKind_ (Poss_ Her Picture)))) (IndLevelState (mkPropQual Beautiful)) || SENT-174::Pred Yes (mkItemNonDeitic (TheSG (mkKind_ (Poss_ His Picture)))) (IndLevelState (mkPropQual Beautiful)) || SENT-174::Pred Yes (mkItemNonDeitic (TheSG (mkKind_ (Poss_ Its Picture)))) (IndLevelState (mkPropQual Beautiful))	MATCHED
175	sangaua puranga uiku	a fotografia está bonita || a fotografia dela está bonita || a fotografia dele está bonita	no		4	Pred Yes (mkItemNonDeitic (TheSG (mkKind Picture))) (StageLevelState (mkPropQual Beautiful)) || Pred Yes (mkItemNonDeitic (TheSG (mkKind_ (Poss_ Her Picture)))) (StageLevelState (mkPropQual Beautiful)) || Pred Yes (mkItemNonDeitic (TheSG (mkKind_ (Poss_ His Picture)))) (StageLevelState (mkPropQual Beautiful)) || Pred Yes (mkItemNonDeitic (TheSG (mkKind_ (Poss_ Its Picture)))) (StageLevelState (mkPropQual Beautiful))	SENT-175::Pred Yes (mkItemNonDeitic (TheSG (mkKind Picture))) (StageLevelState (mkPropQual Beautiful)) || SENT-175::Pred Yes (mkItemNonDeitic (TheSG (mkKind_ (Poss_ Her Picture)))) (StageLevelState (mkPropQual Beautiful)) || SENT-175::Pred Yes (mkItemNonDeitic (TheSG (mkKind_ (Poss_ His Picture)))) (StageLevelState (mkPropQual Beautiful)) || SENT-175::Pred Yes (mkItemNonDeitic (TheSG (mkKind_ (Poss_ Its Picture)))) (StageLevelState (mkPropQual Beautiful))	MATCHED
176	se pusé	eu sou pesado	yes	hil,van	1	Pred Yes (mkItemDeitic I) (IndLevelState (mkPropQual Heavy))	SENT-176::Pred Yes (mkItemDeitic I) (IndLevelState (mkPropQual Heavy))	MATCHED
177	se pusé aiku	eu estou pesado	no		1	Pred Yes (mkItemDeitic I) (StageLevelState (mkPropQual Heavy))	SENT-177::Pred Yes (mkItemDeitic I) (StageLevelState (mkPropQual Heavy))	MATCHED
178	se rimbiú sé	a minha comida é deliciosa	no		1	Pred Yes (mkItemNonDeitic (TheSG (mkKind_ (Poss_ My Food)))) (IndLevelState (mkPropQual Delicious))	SENT-178::Pred Yes (mkItemNonDeitic (TheSG (mkKind_ (Poss_ My Food)))) (IndLevelState (mkPropQual Delicious))	MATCHED
179	se rimbiú sé uiku	a minha comida está deliciosa	no		1	Pred Yes (mkItemNonDeitic (TheSG (mkKind_ (Poss_ My Food)))) (StageLevelState (mkPropQual Delicious))	SENT-179::Pred Yes (mkItemNonDeitic (TheSG (mkKind_ (Poss_ My Food)))) (StageLevelState (mkPropQual Delicious))	MATCHED
180	se ruka i upé	a minha casa é nele || a minha casa é nela	no		6	Pred Yes (mkItemNonDeitic (TheSG (mkKind_ (Poss_ My House)))) (IndLevelState (mkPropLoc (In (mkItemDeitic He)))) || Pred Yes (mkItemNonDeitic (TheSG (mkKind_ (Poss_ My House)))) (IndLevelState (mkPropLoc (In (mkItemDeitic It)))) || Pred Yes (mkItemNonDeitic (TheSG (mkKind_ (Poss_ My House)))) (IndLevelState (mkPropLoc (In (mkItemDeitic She)))) || Pred Yes (mkItemNonDeitic (TheSG (mkKind_ (Poss_ My House)))) (IndLevelState (mkPropLoc (On (mkItemDeitic He)))) || Pred Yes (mkItemNonDeitic (TheSG (mkKind_ (Poss_ My House)))) (IndLevelState (mkPropLoc (On (mkItemDeitic It)))) || Pred Yes (mkItemNonDeitic (TheSG (mkKind_ (Poss_ My House)))) (IndLevelState (mkPropLoc (On (mkItemDeitic She))))	SENT-180::Pred Yes (mkItemNonDeitic (TheSG (mkKind_ (Poss_ My House)))) (IndLevelState (mkPropLoc (In (mkItemDeitic He)))) || SENT-180::Pred Yes (mkItemNonDeitic (TheSG (mkKind_ (Poss_ My House)))) (IndLevelState (mkPropLoc (In (mkItemDeitic It)))) || SENT-180::Pred Yes (mkItemNonDeitic (TheSG (mkKind_ (Poss_ My House)))) (IndLevelState (mkPropLoc (In (mkItemDeitic She)))) || SENT-180::Pred Yes (mkItemNonDeitic (TheSG (mkKind_ (Poss_ My House)))) (IndLevelState (mkPropLoc (On (mkItemDeitic He)))) || SENT-180::Pred Yes (mkItemNonDeitic (TheSG (mkKind_ (Poss_ My House)))) (IndLevelState (mkPropLoc (On (mkItemDeitic It)))) || SENT-180::Pred Yes (mkItemNonDeitic (TheSG (mkKind_ (Poss_ My House)))) (IndLevelState (mkPropLoc (On (mkItemDeitic She))))	MATCHED
181	se ruka kuá kiá pé ruaki	a minha casa é perto deste sujo caminho || a minha casa é perto desta suja rua	no		2	Pred Yes (mkItemNonDeitic (TheSG (mkKind_ (Poss_ My House)))) (IndLevelState (mkPropLoc (Near (mkItemNonDeitic (This (Mod Dirty (mkKind Path))))))) || Pred Yes (mkItemNonDeitic (TheSG (mkKind_ (Poss_ My House)))) (IndLevelState (mkPropLoc (Near (mkItemNonDeitic (This (Mod Dirty (mkKind Street)))))))	SENT-181::Pred Yes (mkItemNonDeitic (TheSG (mkKind_ (Poss_ My House)))) (IndLevelState (mkPropLoc (Near (mkItemNonDeitic (This (Mod Dirty (mkKind Path))))))) || SENT-181::Pred Yes (mkItemNonDeitic (TheSG (mkKind_ (Poss_ My House)))) (IndLevelState (mkPropLoc (Near (mkItemNonDeitic (This (Mod Dirty (mkKind Street)))))))	MATCHED
182	se ruka kuá kiá sapé ruaki	a minha casa é perto deste sujo caminho dela || a minha casa é perto desta suja rua dela || a minha casa é perto deste sujo caminho dele || a minha casa é perto desta suja rua dele	no		6	Pred Yes (mkItemNonDeitic (TheSG (mkKind_ (Poss_ My House)))) (IndLevelState (mkPropLoc (Near (mkItemNonDeitic (This (Mod Dirty (mkKind_ (Poss_ Her Path)))))))) || Pred Yes (mkItemNonDeitic (TheSG (mkKind_ (Poss_ My House)))) (IndLevelState (mkPropLoc (Near (mkItemNonDeitic (This (Mod Dirty (mkKind_ (Poss_ Her Street)))))))) || Pred Yes (mkItemNonDeitic (TheSG (mkKind_ (Poss_ My House)))) (IndLevelState (mkPropLoc (Near (mkItemNonDeitic (This (Mod Dirty (mkKind_ (Poss_ His Path)))))))) || Pred Yes (mkItemNonDeitic (TheSG (mkKind_ (Poss_ My House)))) (IndLevelState (mkPropLoc (Near (mkItemNonDeitic (This (Mod Dirty (mkKind_ (Poss_ His Street)))))))) || Pred Yes (mkItemNonDeitic (TheSG (mkKind_ (Poss_ My House)))) (IndLevelState (mkPropLoc (Near (mkItemNonDeitic (This (Mod Dirty (mkKind_ (Poss_ Its Path)))))))) || Pred Yes (mkItemNonDeitic (TheSG (mkKind_ (Poss_ My House)))) (IndLevelState (mkPropLoc (Near (mkItemNonDeitic (This (Mod Dirty (mkKind_ (Poss_ Its Street))))))))	SENT-182::Pred Yes (mkItemNonDeitic (TheSG (mkKind_ (Poss_ My House)))) (IndLevelState (mkPropLoc (Near (mkItemNonDeitic (This (Mod Dirty (mkKind_ (Poss_ Her Path)))))))) || SENT-182::Pred Yes (mkItemNonDeitic (TheSG (mkKind_ (Poss_ My House)))) (IndLevelState (mkPropLoc (Near (mkItemNonDeitic (This (Mod Dirty (mkKind_ (Poss_ Her Street)))))))) || SENT-182::Pred Yes (mkItemNonDeitic (TheSG (mkKind_ (Poss_ My House)))) (IndLevelState (mkPropLoc (Near (mkItemNonDeitic (This (Mod Dirty (mkKind_ (Poss_ His Path)))))))) || SENT-182::Pred Yes (mkItemNonDeitic (TheSG (mkKind_ (Poss_ My House)))) (IndLevelState (mkPropLoc (Near (mkItemNonDeitic (This (Mod Dirty (mkKind_ (Poss_ His Street)))))))) || SENT-182::Pred Yes (mkItemNonDeitic (TheSG (mkKind_ (Poss_ My House)))) (IndLevelState (mkPropLoc (Near (mkItemNonDeitic (This (Mod Dirty (mkKind_ (Poss_ Its Path)))))))) || SENT-182::Pred Yes (mkItemNonDeitic (TheSG (mkKind_ (Poss_ My House)))) (IndLevelState (mkPropLoc (Near (mkItemNonDeitic (This (Mod Dirty (mkKind_ (Poss_ Its Street))))))))	MATCHED
183	se ruka ne ruaki	a minha casa é perto de você	no		1	Pred Yes (mkItemNonDeitic (TheSG (mkKind_ (Poss_ My House)))) (IndLevelState (mkPropLoc (Near (mkItemDeitic YouSG))))	SENT-183::Pred Yes (mkItemNonDeitic (TheSG (mkKind_ (Poss_ My House)))) (IndLevelState (mkPropLoc (Near (mkItemDeitic YouSG))))	MATCHED
184	se ruka ne ruka ruaki	a minha casa é perto da sua casa	no		1	Pred Yes (mkItemNonDeitic (TheSG (mkKind_ (Poss_ My House)))) (IndLevelState (mkPropLoc (Near (mkItemNonDeitic (TheSG (mkKind_ (Poss_ YourSG House)))))))	SENT-184::Pred Yes (mkItemNonDeitic (TheSG (mkKind_ (Poss_ My House)))) (IndLevelState (mkPropLoc (Near (mkItemNonDeitic (TheSG (mkKind_ (Poss_ YourSG House)))))))	MATCHED
185	se ruka nhaã kiá pé upé	a minha casa é naquele sujo caminho || a minha casa é naquela suja rua	no		4	Pred Yes (mkItemNonDeitic (TheSG (mkKind_ (Poss_ My House)))) (IndLevelState (mkPropLoc (In (mkItemNonDeitic (That (Mod Dirty (mkKind Path))))))) || Pred Yes (mkItemNonDeitic (TheSG (mkKind_ (Poss_ My House)))) (IndLevelState (mkPropLoc (In (mkItemNonDeitic (That (Mod Dirty (mkKind Street))))))) || Pred Yes (mkItemNonDeitic (TheSG (mkKind_ (Poss_ My House)))) (IndLevelState (mkPropLoc (On (mkItemNonDeitic (That (Mod Dirty (mkKind Path))))))) || Pred Yes (mkItemNonDeitic (TheSG (mkKind_ (Poss_ My House)))) (IndLevelState (mkPropLoc (On (mkItemNonDeitic (That (Mod Dirty (mkKind Street)))))))	SENT-185::Pred Yes (mkItemNonDeitic (TheSG (mkKind_ (Poss_ My House)))) (IndLevelState (mkPropLoc (In (mkItemNonDeitic (That (Mod Dirty (mkKind Path))))))) || SENT-185::Pred Yes (mkItemNonDeitic (TheSG (mkKind_ (Poss_ My House)))) (IndLevelState (mkPropLoc (In (mkItemNonDeitic (That (Mod Dirty (mkKind Street))))))) || SENT-185::Pred Yes (mkItemNonDeitic (TheSG (mkKind_ (Poss_ My House)))) (IndLevelState (mkPropLoc (On (mkItemNonDeitic (That (Mod Dirty (mkKind Path))))))) || SENT-185::Pred Yes (mkItemNonDeitic (TheSG (mkKind_ (Poss_ My House)))) (IndLevelState (mkPropLoc (On (mkItemNonDeitic (That (Mod Dirty (mkKind Street)))))))	MATCHED
186	se ruka nhaã kiá sapé upé	a minha casa é naquele sujo caminho dela || a minha casa é naquela suja rua dela || a minha casa é naquele sujo caminho dele || a minha casa é naquela suja rua dele	no		12	Pred Yes (mkItemNonDeitic (TheSG (mkKind_ (Poss_ My House)))) (IndLevelState (mkPropLoc (In (mkItemNonDeitic (That (Mod Dirty (mkKind_ (Poss_ Her Path)))))))) || Pred Yes (mkItemNonDeitic (TheSG (mkKind_ (Poss_ My House)))) (IndLevelState (mkPropLoc (In (mkItemNonDeitic (That (Mod Dirty (mkKind_ (Poss_ Her Street)))))))) || Pred Yes (mkItemNonDeitic (TheSG (mkKind_ (Poss_ My House)))) (IndLevelState (mkPropLoc (In (mkItemNonDeitic (That (Mod Dirty (mkKind_ (Poss_ His Path)))))))) || Pred Yes (mkItemNonDeitic (TheSG (mkKind_ (Poss_ My House)))) (IndLevelState (mkPropLoc (In (mkItemNonDeitic (That (Mod Dirty (mkKind_ (Poss_ His Street)))))))) || Pred Yes (mkItemNonDeitic (TheSG (mkKind_ (Poss_ My House)))) (IndLevelState (mkPropLoc (In (mkItemNonDeitic (That (Mod Dirty (mkKind_ (Poss_ Its Path)))))))) || Pred Yes (mkItemNonDeitic (TheSG (mkKind_ (Poss_ My House)))) (IndLevelState (mkPropLoc (In (mkItemNonDeitic (That (Mod Dirty (mkKind_ (Poss_ Its Street)))))))) || Pred Yes (mkItemNonDeitic (TheSG (mkKind_ (Poss_ My House)))) (IndLevelState (mkPropLoc (On (mkItemNonDeitic (That (Mod Dirty (mkKind_ (Poss_ Her Path)))))))) || Pred Yes (mkItemNonDeitic (TheSG (mkKind_ (Poss_ My House)))) (IndLevelState (mkPropLoc (On (mkItemNonDeitic (That (Mod Dirty (mkKind_ (Poss_ Her Street)))))))) || Pred Yes (mkItemNonDeitic (TheSG (mkKind_ (Poss_ My House)))) (IndLevelState (mkPropLoc (On (mkItemNonDeitic (That (Mod Dirty (mkKind_ (Poss_ His Path)))))))) || Pred Yes (mkItemNonDeitic (TheSG (mkKind_ (Poss_ My House)))) (IndLevelState (mkPropLoc (On (mkItemNonDeitic (That (Mod Dirty (mkKind_ (Poss_ His Street)))))))) || Pred Yes (mkItemNonDeitic (TheSG (mkKind_ (Poss_ My House)))) (IndLevelState (mkPropLoc (On (mkItemNonDeitic (That (Mod Dirty (mkKind_ (Poss_ Its Path)))))))) || Pred Yes (mkItemNonDeitic (TheSG (mkKind_ (Poss_ My House)))) (IndLevelState (mkPropLoc (On (mkItemNonDeitic (That (Mod Dirty (mkKind_ (Poss_ Its Street))))))))	SENT-186::Pred Yes (mkItemNonDeitic (TheSG (mkKind_ (Poss_ My House)))) (IndLevelState (mkPropLoc (In (mkItemNonDeitic (That (Mod Dirty (mkKind_ (Poss_ Her Path)))))))) || SENT-186::Pred Yes (mkItemNonDeitic (TheSG (mkKind_ (Poss_ My House)))) (IndLevelState (mkPropLoc (In (mkItemNonDeitic (That (Mod Dirty (mkKind_ (Poss_ Her Street)))))))) || SENT-186::Pred Yes (mkItemNonDeitic (TheSG (mkKind_ (Poss_ My House)))) (IndLevelState (mkPropLoc (In (mkItemNonDeitic (That (Mod Dirty (mkKind_ (Poss_ His Path)))))))) || SENT-186::Pred Yes (mkItemNonDeitic (TheSG (mkKind_ (Poss_ My House)))) (IndLevelState (mkPropLoc (In (mkItemNonDeitic (That (Mod Dirty (mkKind_ (Poss_ His Street)))))))) || SENT-186::Pred Yes (mkItemNonDeitic (TheSG (mkKind_ (Poss_ My House)))) (IndLevelState (mkPropLoc (In (mkItemNonDeitic (That (Mod Dirty (mkKind_ (Poss_ Its Path)))))))) || SENT-186::Pred Yes (mkItemNonDeitic (TheSG (mkKind_ (Poss_ My House)))) (IndLevelState (mkPropLoc (In (mkItemNonDeitic (That (Mod Dirty (mkKind_ (Poss_ Its Street)))))))) || SENT-186::Pred Yes (mkItemNonDeitic (TheSG (mkKind_ (Poss_ My House)))) (IndLevelState (mkPropLoc (On (mkItemNonDeitic (That (Mod Dirty (mkKind_ (Poss_ Her Path)))))))) || SENT-186::Pred Yes (mkItemNonDeitic (TheSG (mkKind_ (Poss_ My House)))) (IndLevelState (mkPropLoc (On (mkItemNonDeitic (That (Mod Dirty (mkKind_ (Poss_ Her Street)))))))) || SENT-186::Pred Yes (mkItemNonDeitic (TheSG (mkKind_ (Poss_ My House)))) (IndLevelState (mkPropLoc (On (mkItemNonDeitic (That (Mod Dirty (mkKind_ (Poss_ His Path)))))))) || SENT-186::Pred Yes (mkItemNonDeitic (TheSG (mkKind_ (Poss_ My House)))) (IndLevelState (mkPropLoc (On (mkItemNonDeitic (That (Mod Dirty (mkKind_ (Poss_ His Street)))))))) || SENT-186::Pred Yes (mkItemNonDeitic (TheSG (mkKind_ (Poss_ My House)))) (IndLevelState (mkPropLoc (On (mkItemNonDeitic (That (Mod Dirty (mkKind_ (Poss_ Its Path)))))))) || SENT-186::Pred Yes (mkItemNonDeitic (TheSG (mkKind_ (Poss_ My House)))) (IndLevelState (mkPropLoc (On (mkItemNonDeitic (That (Mod Dirty (mkKind_ (Poss_ Its Street))))))))	MATCHED
187	se ruka niti paranã ruaki	a minha casa não é perto do rio	no		1	Pred No (mkItemNonDeitic (TheSG (mkKind_ (Poss_ My House)))) (IndLevelState (mkPropLoc (Near (mkItemNonDeitic (TheSG (mkKind River))))))	SENT-187::Pred No (mkItemNonDeitic (TheSG (mkKind_ (Poss_ My House)))) (IndLevelState (mkPropLoc (Near (mkItemNonDeitic (TheSG (mkKind River))))))	MATCHED
188	se ruka niti paranã upé	a minha casa não é no rio	no		2	Pred No (mkItemNonDeitic (TheSG (mkKind_ (Poss_ My House)))) (IndLevelState (mkPropLoc (In (mkItemNonDeitic (TheSG (mkKind River)))))) || Pred No (mkItemNonDeitic (TheSG (mkKind_ (Poss_ My House)))) (IndLevelState (mkPropLoc (On (mkItemNonDeitic (TheSG (mkKind River))))))	SENT-188::Pred No (mkItemNonDeitic (TheSG (mkKind_ (Poss_ My House)))) (IndLevelState (mkPropLoc (In (mkItemNonDeitic (TheSG (mkKind River)))))) || SENT-188::Pred No (mkItemNonDeitic (TheSG (mkKind_ (Poss_ My House)))) (IndLevelState (mkPropLoc (On (mkItemNonDeitic (TheSG (mkKind River))))))	MATCHED
189	se ruka paranã ruaki	a minha casa é perto do rio	no		1	Pred Yes (mkItemNonDeitic (TheSG (mkKind_ (Poss_ My House)))) (IndLevelState (mkPropLoc (Near (mkItemNonDeitic (TheSG (mkKind River))))))	SENT-189::Pred Yes (mkItemNonDeitic (TheSG (mkKind_ (Poss_ My House)))) (IndLevelState (mkPropLoc (Near (mkItemNonDeitic (TheSG (mkKind River))))))	MATCHED
190	se ruka paranã upé	a minha casa é no rio	no		2	Pred Yes (mkItemNonDeitic (TheSG (mkKind_ (Poss_ My House)))) (IndLevelState (mkPropLoc (In (mkItemNonDeitic (TheSG (mkKind River)))))) || Pred Yes (mkItemNonDeitic (TheSG (mkKind_ (Poss_ My House)))) (IndLevelState (mkPropLoc (On (mkItemNonDeitic (TheSG (mkKind River))))))	SENT-190::Pred Yes (mkItemNonDeitic (TheSG (mkKind_ (Poss_ My House)))) (IndLevelState (mkPropLoc (In (mkItemNonDeitic (TheSG (mkKind River)))))) || SENT-190::Pred Yes (mkItemNonDeitic (TheSG (mkKind_ (Poss_ My House)))) (IndLevelState (mkPropLoc (On (mkItemNonDeitic (TheSG (mkKind River))))))	MATCHED
191	se ruka pe ruaki	a minha casa é perto de vocês	no		1	Pred Yes (mkItemNonDeitic (TheSG (mkKind_ (Poss_ My House)))) (IndLevelState (mkPropLoc (Near (mkItemDeitic YouPL))))	SENT-191::Pred Yes (mkItemNonDeitic (TheSG (mkKind_ (Poss_ My House)))) (IndLevelState (mkPropLoc (Near (mkItemDeitic YouPL))))	MATCHED
192	se ruka pe ruka ruaki	a minha casa é perto da casa de vocês	no		1	Pred Yes (mkItemNonDeitic (TheSG (mkKind_ (Poss_ My House)))) (IndLevelState (mkPropLoc (Near (mkItemNonDeitic (TheSG (mkKind_ (Poss_ YourPL House)))))))	SENT-192::Pred Yes (mkItemNonDeitic (TheSG (mkKind_ (Poss_ My House)))) (IndLevelState (mkPropLoc (Near (mkItemNonDeitic (TheSG (mkKind_ (Poss_ YourPL House)))))))	MATCHED
193	se ruka suaki	a minha casa é perto dele || a minha casa é perto dela	no		3	Pred Yes (mkItemNonDeitic (TheSG (mkKind_ (Poss_ My House)))) (IndLevelState (mkPropLoc (Near (mkItemDeitic He)))) || Pred Yes (mkItemNonDeitic (TheSG (mkKind_ (Poss_ My House)))) (IndLevelState (mkPropLoc (Near (mkItemDeitic It)))) || Pred Yes (mkItemNonDeitic (TheSG (mkKind_ (Poss_ My House)))) (IndLevelState (mkPropLoc (Near (mkItemDeitic She))))	SENT-193::Pred Yes (mkItemNonDeitic (TheSG (mkKind_ (Poss_ My House)))) (IndLevelState (mkPropLoc (Near (mkItemDeitic He)))) || SENT-193::Pred Yes (mkItemNonDeitic (TheSG (mkKind_ (Poss_ My House)))) (IndLevelState (mkPropLoc (Near (mkItemDeitic It)))) || SENT-193::Pred Yes (mkItemNonDeitic (TheSG (mkKind_ (Poss_ My House)))) (IndLevelState (mkPropLoc (Near (mkItemDeitic She))))	MATCHED
194	se ruka suka ruaki	a minha casa é perto da casa dela || a minha casa é perto da casa dele	no		3	Pred Yes (mkItemNonDeitic (TheSG (mkKind_ (Poss_ My House)))) (IndLevelState (mkPropLoc (Near (mkItemNonDeitic (TheSG (mkKind_ (Poss_ Her House))))))) || Pred Yes (mkItemNonDeitic (TheSG (mkKind_ (Poss_ My House)))) (IndLevelState (mkPropLoc (Near (mkItemNonDeitic (TheSG (mkKind_ (Poss_ His House))))))) || Pred Yes (mkItemNonDeitic (TheSG (mkKind_ (Poss_ My House)))) (IndLevelState (mkPropLoc (Near (mkItemNonDeitic (TheSG (mkKind_ (Poss_ Its House)))))))	SENT-194::Pred Yes (mkItemNonDeitic (TheSG (mkKind_ (Poss_ My House)))) (IndLevelState (mkPropLoc (Near (mkItemNonDeitic (TheSG (mkKind_ (Poss_ Her House))))))) || SENT-194::Pred Yes (mkItemNonDeitic (TheSG (mkKind_ (Poss_ My House)))) (IndLevelState (mkPropLoc (Near (mkItemNonDeitic (TheSG (mkKind_ (Poss_ His House))))))) || SENT-194::Pred Yes (mkItemNonDeitic (TheSG (mkKind_ (Poss_ My House)))) (IndLevelState (mkPropLoc (Near (mkItemNonDeitic (TheSG (mkKind_ (Poss_ Its House)))))))	MATCHED
195	se ruka ti paranã ruaki	a minha casa não é perto do rio	no		1	Pred No (mkItemNonDeitic (TheSG (mkKind_ (Poss_ My House)))) (IndLevelState (mkPropLoc (Near (mkItemNonDeitic (TheSG (mkKind River))))))	SENT-195::Pred No (mkItemNonDeitic (TheSG (mkKind_ (Poss_ My House)))) (IndLevelState (mkPropLoc (Near (mkItemNonDeitic (TheSG (mkKind River))))))	MATCHED
196	se ruka ti paranã upé	a minha casa não é no rio	no		2	Pred No (mkItemNonDeitic (TheSG (mkKind_ (Poss_ My House)))) (IndLevelState (mkPropLoc (In (mkItemNonDeitic (TheSG (mkKind River)))))) || Pred No (mkItemNonDeitic (TheSG (mkKind_ (Poss_ My House)))) (IndLevelState (mkPropLoc (On (mkItemNonDeitic (TheSG (mkKind River))))))	SENT-196::Pred No (mkItemNonDeitic (TheSG (mkKind_ (Poss_ My House)))) (IndLevelState (mkPropLoc (In (mkItemNonDeitic (TheSG (mkKind River)))))) || SENT-196::Pred No (mkItemNonDeitic (TheSG (mkKind_ (Poss_ My House)))) (IndLevelState (mkPropLoc (On (mkItemNonDeitic (TheSG (mkKind River))))))	MATCHED
197	se ruka ti uiku paranã ruaki	a minha casa não está perto do rio	no		1	Pred No (mkItemNonDeitic (TheSG (mkKind_ (Poss_ My House)))) (StageLevelState (mkPropLoc (Near (mkItemNonDeitic (TheSG (mkKind River))))))	SENT-197::Pred No (mkItemNonDeitic (TheSG (mkKind_ (Poss_ My House)))) (StageLevelState (mkPropLoc (Near (mkItemNonDeitic (TheSG (mkKind River))))))	MATCHED
198	se ruka ti uiku paranã upé	a minha casa não está no rio	no		2	Pred No (mkItemNonDeitic (TheSG (mkKind_ (Poss_ My House)))) (StageLevelState (mkPropLoc (In (mkItemNonDeitic (TheSG (mkKind River)))))) || Pred No (mkItemNonDeitic (TheSG (mkKind_ (Poss_ My House)))) (StageLevelState (mkPropLoc (On (mkItemNonDeitic (TheSG (mkKind River))))))	SENT-198::Pred No (mkItemNonDeitic (TheSG (mkKind_ (Poss_ My House)))) (StageLevelState (mkPropLoc (In (mkItemNonDeitic (TheSG (mkKind River)))))) || SENT-198::Pred No (mkItemNonDeitic (TheSG (mkKind_ (Poss_ My House)))) (StageLevelState (mkPropLoc (On (mkItemNonDeitic (TheSG (mkKind River))))))	MATCHED
199	se ruka uiku i upé	a minha casa está nele || a minha casa está nela	no		6	Pred Yes (mkItemNonDeitic (TheSG (mkKind_ (Poss_ My House)))) (StageLevelState (mkPropLoc (In (mkItemDeitic He)))) || Pred Yes (mkItemNonDeitic (TheSG (mkKind_ (Poss_ My House)))) (StageLevelState (mkPropLoc (In (mkItemDeitic It)))) || Pred Yes (mkItemNonDeitic (TheSG (mkKind_ (Poss_ My House)))) (StageLevelState (mkPropLoc (In (mkItemDeitic She)))) || Pred Yes (mkItemNonDeitic (TheSG (mkKind_ (Poss_ My House)))) (StageLevelState (mkPropLoc (On (mkItemDeitic He)))) || Pred Yes (mkItemNonDeitic (TheSG (mkKind_ (Poss_ My House)))) (StageLevelState (mkPropLoc (On (mkItemDeitic It)))) || Pred Yes (mkItemNonDeitic (TheSG (mkKind_ (Poss_ My House)))) (StageLevelState (mkPropLoc (On (mkItemDeitic She))))	SENT-199::Pred Yes (mkItemNonDeitic (TheSG (mkKind_ (Poss_ My House)))) (StageLevelState (mkPropLoc (In (mkItemDeitic He)))) || SENT-199::Pred Yes (mkItemNonDeitic (TheSG (mkKind_ (Poss_ My House)))) (StageLevelState (mkPropLoc (In (mkItemDeitic It)))) || SENT-199::Pred Yes (mkItemNonDeitic (TheSG (mkKind_ (Poss_ My House)))) (StageLevelState (mkPropLoc (In (mkItemDeitic She)))) || SENT-199::Pred Yes (mkItemNonDeitic (TheSG (mkKind_ (Poss_ My House)))) (StageLevelState (mkPropLoc (On (mkItemDeitic He)))) || SENT-199::Pred Yes (mkItemNonDeitic (TheSG (mkKind_ (Poss_ My House)))) (StageLevelState (mkPropLoc (On (mkItemDeitic It)))) || SENT-199::Pred Yes (mkItemNonDeitic (TheSG (mkKind_ (Poss_ My House)))) (StageLevelState (mkPropLoc (On (mkItemDeitic She))))	MATCHED
200	se ruka uiku kuá kiá pé ruaki	a minha casa está perto deste sujo caminho || a minha casa está perto desta suja rua	yes	ped	2	Pred Yes (mkItemNonDeitic (TheSG (mkKind_ (Poss_ My House)))) (StageLevelState (mkPropLoc (Near (mkItemNonDeitic (This (Mod Dirty (mkKind Path))))))) || Pred Yes (mkItemNonDeitic (TheSG (mkKind_ (Poss_ My House)))) (StageLevelState (mkPropLoc (Near (mkItemNonDeitic (This (Mod Dirty (mkKind Street)))))))	SENT-200::Pred Yes (mkItemNonDeitic (TheSG (mkKind_ (Poss_ My House)))) (StageLevelState (mkPropLoc (Near (mkItemNonDeitic (This (Mod Dirty (mkKind Path))))))) || SENT-200::Pred Yes (mkItemNonDeitic (TheSG (mkKind_ (Poss_ My House)))) (StageLevelState (mkPropLoc (Near (mkItemNonDeitic (This (Mod Dirty (mkKind Street)))))))	MATCHED
201	se ruka uiku ne ruaki	a minha casa está perto de você	no		1	Pred Yes (mkItemNonDeitic (TheSG (mkKind_ (Poss_ My House)))) (StageLevelState (mkPropLoc (Near (mkItemDeitic YouSG))))	SENT-201::Pred Yes (mkItemNonDeitic (TheSG (mkKind_ (Poss_ My House)))) (StageLevelState (mkPropLoc (Near (mkItemDeitic YouSG))))	MATCHED
202	se ruka uiku ne ruka ruaki	a minha casa está perto da sua casa	no		1	Pred Yes (mkItemNonDeitic (TheSG (mkKind_ (Poss_ My House)))) (StageLevelState (mkPropLoc (Near (mkItemNonDeitic (TheSG (mkKind_ (Poss_ YourSG House)))))))	SENT-202::Pred Yes (mkItemNonDeitic (TheSG (mkKind_ (Poss_ My House)))) (StageLevelState (mkPropLoc (Near (mkItemNonDeitic (TheSG (mkKind_ (Poss_ YourSG House)))))))	MATCHED
203	se ruka uiku nhaã kiá pé upé	a minha casa está naquele sujo caminho || a minha casa está naquela suja rua	yes	ped	4	Pred Yes (mkItemNonDeitic (TheSG (mkKind_ (Poss_ My House)))) (StageLevelState (mkPropLoc (In (mkItemNonDeitic (That (Mod Dirty (mkKind Path))))))) || Pred Yes (mkItemNonDeitic (TheSG (mkKind_ (Poss_ My House)))) (StageLevelState (mkPropLoc (In (mkItemNonDeitic (That (Mod Dirty (mkKind Street))))))) || Pred Yes (mkItemNonDeitic (TheSG (mkKind_ (Poss_ My House)))) (StageLevelState (mkPropLoc (On (mkItemNonDeitic (That (Mod Dirty (mkKind Path))))))) || Pred Yes (mkItemNonDeitic (TheSG (mkKind_ (Poss_ My House)))) (StageLevelState (mkPropLoc (On (mkItemNonDeitic (That (Mod Dirty (mkKind Street)))))))	SENT-203::Pred Yes (mkItemNonDeitic (TheSG (mkKind_ (Poss_ My House)))) (StageLevelState (mkPropLoc (In (mkItemNonDeitic (That (Mod Dirty (mkKind Path))))))) || SENT-203::Pred Yes (mkItemNonDeitic (TheSG (mkKind_ (Poss_ My House)))) (StageLevelState (mkPropLoc (In (mkItemNonDeitic (That (Mod Dirty (mkKind Street))))))) || SENT-203::Pred Yes (mkItemNonDeitic (TheSG (mkKind_ (Poss_ My House)))) (StageLevelState (mkPropLoc (On (mkItemNonDeitic (That (Mod Dirty (mkKind Path))))))) || SENT-203::Pred Yes (mkItemNonDeitic (TheSG (mkKind_ (Poss_ My House)))) (StageLevelState (mkPropLoc (On (mkItemNonDeitic (That (Mod Dirty (mkKind Street)))))))	MATCHED
204	se ruka uiku nhaã kiá sapé upé	a minha casa está naquele sujo caminho dela || a minha casa está naquela suja rua dela || a minha casa está naquele sujo caminho dele || a minha casa está naquela suja rua dele	no		12	Pred Yes (mkItemNonDeitic (TheSG (mkKind_ (Poss_ My House)))) (StageLevelState (mkPropLoc (In (mkItemNonDeitic (That (Mod Dirty (mkKind_ (Poss_ Her Path)))))))) || Pred Yes (mkItemNonDeitic (TheSG (mkKind_ (Poss_ My House)))) (StageLevelState (mkPropLoc (In (mkItemNonDeitic (That (Mod Dirty (mkKind_ (Poss_ Her Street)))))))) || Pred Yes (mkItemNonDeitic (TheSG (mkKind_ (Poss_ My House)))) (StageLevelState (mkPropLoc (In (mkItemNonDeitic (That (Mod Dirty (mkKind_ (Poss_ His Path)))))))) || Pred Yes (mkItemNonDeitic (TheSG (mkKind_ (Poss_ My House)))) (StageLevelState (mkPropLoc (In (mkItemNonDeitic (That (Mod Dirty (mkKind_ (Poss_ His Street)))))))) || Pred Yes (mkItemNonDeitic (TheSG (mkKind_ (Poss_ My House)))) (StageLevelState (mkPropLoc (In (mkItemNonDeitic (That (Mod Dirty (mkKind_ (Poss_ Its Path)))))))) || Pred Yes (mkItemNonDeitic (TheSG (mkKind_ (Poss_ My House)))) (StageLevelState (mkPropLoc (In (mkItemNonDeitic (That (Mod Dirty (mkKind_ (Poss_ Its Street)))))))) || Pred Yes (mkItemNonDeitic (TheSG (mkKind_ (Poss_ My House)))) (StageLevelState (mkPropLoc (On (mkItemNonDeitic (That (Mod Dirty (mkKind_ (Poss_ Her Path)))))))) || Pred Yes (mkItemNonDeitic (TheSG (mkKind_ (Poss_ My House)))) (StageLevelState (mkPropLoc (On (mkItemNonDeitic (That (Mod Dirty (mkKind_ (Poss_ Her Street)))))))) || Pred Yes (mkItemNonDeitic (TheSG (mkKind_ (Poss_ My House)))) (StageLevelState (mkPropLoc (On (mkItemNonDeitic (That (Mod Dirty (mkKind_ (Poss_ His Path)))))))) || Pred Yes (mkItemNonDeitic (TheSG (mkKind_ (Poss_ My House)))) (StageLevelState (mkPropLoc (On (mkItemNonDeitic (That (Mod Dirty (mkKind_ (Poss_ His Street)))))))) || Pred Yes (mkItemNonDeitic (TheSG (mkKind_ (Poss_ My House)))) (StageLevelState (mkPropLoc (On (mkItemNonDeitic (That (Mod Dirty (mkKind_ (Poss_ Its Path)))))))) || Pred Yes (mkItemNonDeitic (TheSG (mkKind_ (Poss_ My House)))) (StageLevelState (mkPropLoc (On (mkItemNonDeitic (That (Mod Dirty (mkKind_ (Poss_ Its Street))))))))	SENT-204::Pred Yes (mkItemNonDeitic (TheSG (mkKind_ (Poss_ My House)))) (StageLevelState (mkPropLoc (In (mkItemNonDeitic (That (Mod Dirty (mkKind_ (Poss_ Her Path)))))))) || SENT-204::Pred Yes (mkItemNonDeitic (TheSG (mkKind_ (Poss_ My House)))) (StageLevelState (mkPropLoc (In (mkItemNonDeitic (That (Mod Dirty (mkKind_ (Poss_ Her Street)))))))) || SENT-204::Pred Yes (mkItemNonDeitic (TheSG (mkKind_ (Poss_ My House)))) (StageLevelState (mkPropLoc (In (mkItemNonDeitic (That (Mod Dirty (mkKind_ (Poss_ His Path)))))))) || SENT-204::Pred Yes (mkItemNonDeitic (TheSG (mkKind_ (Poss_ My House)))) (StageLevelState (mkPropLoc (In (mkItemNonDeitic (That (Mod Dirty (mkKind_ (Poss_ His Street)))))))) || SENT-204::Pred Yes (mkItemNonDeitic (TheSG (mkKind_ (Poss_ My House)))) (StageLevelState (mkPropLoc (In (mkItemNonDeitic (That (Mod Dirty (mkKind_ (Poss_ Its Path)))))))) || SENT-204::Pred Yes (mkItemNonDeitic (TheSG (mkKind_ (Poss_ My House)))) (StageLevelState (mkPropLoc (In (mkItemNonDeitic (That (Mod Dirty (mkKind_ (Poss_ Its Street)))))))) || SENT-204::Pred Yes (mkItemNonDeitic (TheSG (mkKind_ (Poss_ My House)))) (StageLevelState (mkPropLoc (On (mkItemNonDeitic (That (Mod Dirty (mkKind_ (Poss_ Her Path)))))))) || SENT-204::Pred Yes (mkItemNonDeitic (TheSG (mkKind_ (Poss_ My House)))) (StageLevelState (mkPropLoc (On (mkItemNonDeitic (That (Mod Dirty (mkKind_ (Poss_ Her Street)))))))) || SENT-204::Pred Yes (mkItemNonDeitic (TheSG (mkKind_ (Poss_ My House)))) (StageLevelState (mkPropLoc (On (mkItemNonDeitic (That (Mod Dirty (mkKind_ (Poss_ His Path)))))))) || SENT-204::Pred Yes (mkItemNonDeitic (TheSG (mkKind_ (Poss_ My House)))) (StageLevelState (mkPropLoc (On (mkItemNonDeitic (That (Mod Dirty (mkKind_ (Poss_ His Street)))))))) || SENT-204::Pred Yes (mkItemNonDeitic (TheSG (mkKind_ (Poss_ My House)))) (StageLevelState (mkPropLoc (On (mkItemNonDeitic (That (Mod Dirty (mkKind_ (Poss_ Its Path)))))))) || SENT-204::Pred Yes (mkItemNonDeitic (TheSG (mkKind_ (Poss_ My House)))) (StageLevelState (mkPropLoc (On (mkItemNonDeitic (That (Mod Dirty (mkKind_ (Poss_ Its Street))))))))	MATCHED
205	se ruka uiku paranã ruaki	a minha casa está perto do rio	no		1	Pred Yes (mkItemNonDeitic (TheSG (mkKind_ (Poss_ My House)))) (StageLevelState (mkPropLoc (Near (mkItemNonDeitic (TheSG (mkKind River))))))	SENT-205::Pred Yes (mkItemNonDeitic (TheSG (mkKind_ (Poss_ My House)))) (StageLevelState (mkPropLoc (Near (mkItemNonDeitic (TheSG (mkKind River))))))	MATCHED
206	se ruka uiku paranã upé	a minha casa está no rio	no		2	Pred Yes (mkItemNonDeitic (TheSG (mkKind_ (Poss_ My House)))) (StageLevelState (mkPropLoc (In (mkItemNonDeitic (TheSG (mkKind River)))))) || Pred Yes (mkItemNonDeitic (TheSG (mkKind_ (Poss_ My House)))) (StageLevelState (mkPropLoc (On (mkItemNonDeitic (TheSG (mkKind River))))))	SENT-206::Pred Yes (mkItemNonDeitic (TheSG (mkKind_ (Poss_ My House)))) (StageLevelState (mkPropLoc (In (mkItemNonDeitic (TheSG (mkKind River)))))) || SENT-206::Pred Yes (mkItemNonDeitic (TheSG (mkKind_ (Poss_ My House)))) (StageLevelState (mkPropLoc (On (mkItemNonDeitic (TheSG (mkKind River))))))	MATCHED
207	se ruka uiku pe ruaki	a minha casa está perto de vocês	no		1	Pred Yes (mkItemNonDeitic (TheSG (mkKind_ (Poss_ My House)))) (StageLevelState (mkPropLoc (Near (mkItemDeitic YouPL))))	SENT-207::Pred Yes (mkItemNonDeitic (TheSG (mkKind_ (Poss_ My House)))) (StageLevelState (mkPropLoc (Near (mkItemDeitic YouPL))))	MATCHED
208	se ruka uiku pe ruka ruaki	a minha casa está perto da casa de vocês	no		1	Pred Yes (mkItemNonDeitic (TheSG (mkKind_ (Poss_ My House)))) (StageLevelState (mkPropLoc (Near (mkItemNonDeitic (TheSG (mkKind_ (Poss_ YourPL House)))))))	SENT-208::Pred Yes (mkItemNonDeitic (TheSG (mkKind_ (Poss_ My House)))) (StageLevelState (mkPropLoc (Near (mkItemNonDeitic (TheSG (mkKind_ (Poss_ YourPL House)))))))	MATCHED
209	se ruka uiku suaki	a minha casa está perto dele || a minha casa está perto dela	no		3	Pred Yes (mkItemNonDeitic (TheSG (mkKind_ (Poss_ My House)))) (StageLevelState (mkPropLoc (Near (mkItemDeitic He)))) || Pred Yes (mkItemNonDeitic (TheSG (mkKind_ (Poss_ My House)))) (StageLevelState (mkPropLoc (Near (mkItemDeitic It)))) || Pred Yes (mkItemNonDeitic (TheSG (mkKind_ (Poss_ My House)))) (StageLevelState (mkPropLoc (Near (mkItemDeitic She))))	SENT-209::Pred Yes (mkItemNonDeitic (TheSG (mkKind_ (Poss_ My House)))) (StageLevelState (mkPropLoc (Near (mkItemDeitic He)))) || SENT-209::Pred Yes (mkItemNonDeitic (TheSG (mkKind_ (Poss_ My House)))) (StageLevelState (mkPropLoc (Near (mkItemDeitic It)))) || SENT-209::Pred Yes (mkItemNonDeitic (TheSG (mkKind_ (Poss_ My House)))) (StageLevelState (mkPropLoc (Near (mkItemDeitic She))))	MATCHED
210	se ruka uiku suka ruaki	a minha casa está perto da casa dela || a minha casa está perto da casa dele	no		3	Pred Yes (mkItemNonDeitic (TheSG (mkKind_ (Poss_ My House)))) (StageLevelState (mkPropLoc (Near (mkItemNonDeitic (TheSG (mkKind_ (Poss_ Her House))))))) || Pred Yes (mkItemNonDeitic (TheSG (mkKind_ (Poss_ My House)))) (StageLevelState (mkPropLoc (Near (mkItemNonDeitic (TheSG (mkKind_ (Poss_ His House))))))) || Pred Yes (mkItemNonDeitic (TheSG (mkKind_ (Poss_ My House)))) (StageLevelState (mkPropLoc (Near (mkItemNonDeitic (TheSG (mkKind_ (Poss_ Its House)))))))	SENT-210::Pred Yes (mkItemNonDeitic (TheSG (mkKind_ (Poss_ My House)))) (StageLevelState (mkPropLoc (Near (mkItemNonDeitic (TheSG (mkKind_ (Poss_ Her House))))))) || SENT-210::Pred Yes (mkItemNonDeitic (TheSG (mkKind_ (Poss_ My House)))) (StageLevelState (mkPropLoc (Near (mkItemNonDeitic (TheSG (mkKind_ (Poss_ His House))))))) || SENT-210::Pred Yes (mkItemNonDeitic (TheSG (mkKind_ (Poss_ My House)))) (StageLevelState (mkPropLoc (Near (mkItemNonDeitic (TheSG (mkKind_ (Poss_ Its House)))))))	MATCHED
211	se ruri	eu sou feliz	no		1	Pred Yes (mkItemDeitic I) (IndLevelState (mkPropQual Happy))	SENT-211::Pred Yes (mkItemDeitic I) (IndLevelState (mkPropQual Happy))	MATCHED
212	se ruri aiku	eu estou feliz	no		1	Pred Yes (mkItemDeitic I) (StageLevelState (mkPropQual Happy))	SENT-212::Pred Yes (mkItemDeitic I) (StageLevelState (mkPropQual Happy))	MATCHED
213	sendaua puranga	a comunidade dela é bonita || a comunidade dele é bonita	no		3	Pred Yes (mkItemNonDeitic (TheSG (mkKind_ (Poss_ Her Community)))) (IndLevelState (mkPropQual Beautiful)) || Pred Yes (mkItemNonDeitic (TheSG (mkKind_ (Poss_ His Community)))) (IndLevelState (mkPropQual Beautiful)) || Pred Yes (mkItemNonDeitic (TheSG (mkKind_ (Poss_ Its Community)))) (IndLevelState (mkPropQual Beautiful))	SENT-213::Pred Yes (mkItemNonDeitic (TheSG (mkKind_ (Poss_ Her Community)))) (IndLevelState (mkPropQual Beautiful)) || SENT-213::Pred Yes (mkItemNonDeitic (TheSG (mkKind_ (Poss_ His Community)))) (IndLevelState (mkPropQual Beautiful)) || SENT-213::Pred Yes (mkItemNonDeitic (TheSG (mkKind_ (Poss_ Its Community)))) (IndLevelState (mkPropQual Beautiful))	MATCHED
214	sendaua puranga uiku	a comunidade dela está bonita || a comunidade dele está bonita	no		3	Pred Yes (mkItemNonDeitic (TheSG (mkKind_ (Poss_ Her Community)))) (StageLevelState (mkPropQual Beautiful)) || Pred Yes (mkItemNonDeitic (TheSG (mkKind_ (Poss_ His Community)))) (StageLevelState (mkPropQual Beautiful)) || Pred Yes (mkItemNonDeitic (TheSG (mkKind_ (Poss_ Its Community)))) (StageLevelState (mkPropQual Beautiful))	SENT-214::Pred Yes (mkItemNonDeitic (TheSG (mkKind_ (Poss_ Her Community)))) (StageLevelState (mkPropQual Beautiful)) || SENT-214::Pred Yes (mkItemNonDeitic (TheSG (mkKind_ (Poss_ His Community)))) (StageLevelState (mkPropQual Beautiful)) || SENT-214::Pred Yes (mkItemNonDeitic (TheSG (mkKind_ (Poss_ Its Community)))) (StageLevelState (mkPropQual Beautiful))	MATCHED
215	simiriku mimbira-itá uiku se irũmu	as filhas da esposa estão comigo || os filhos da esposa estão comigo || as filhas da esposa dela estão comigo || os filhos da esposa dela estão comigo || as filhas da esposa dele estão comigo || os filhos da esposa dele estão comigo	no		8	Pred Yes (Poss (mkPsor SG Wife) (ThePL (mkKind Daughter_Of_Woman))) (StageLevelState (mkPropLoc (With (mkItemDeitic I)))) || Pred Yes (Poss (mkPsor SG Wife) (ThePL (mkKind Son_Of_Woman))) (StageLevelState (mkPropLoc (With (mkItemDeitic I)))) || Pred Yes (Poss (mkPsor_ SG (Poss_ Her Wife)) (ThePL (mkKind Daughter_Of_Woman))) (StageLevelState (mkPropLoc (With (mkItemDeitic I)))) || Pred Yes (Poss (mkPsor_ SG (Poss_ Her Wife)) (ThePL (mkKind Son_Of_Woman))) (StageLevelState (mkPropLoc (With (mkItemDeitic I)))) || Pred Yes (Poss (mkPsor_ SG (Poss_ His Wife)) (ThePL (mkKind Daughter_Of_Woman))) (StageLevelState (mkPropLoc (With (mkItemDeitic I)))) || Pred Yes (Poss (mkPsor_ SG (Poss_ His Wife)) (ThePL (mkKind Son_Of_Woman))) (StageLevelState (mkPropLoc (With (mkItemDeitic I)))) || Pred Yes (Poss (mkPsor_ SG (Poss_ Its Wife)) (ThePL (mkKind Daughter_Of_Woman))) (StageLevelState (mkPropLoc (With (mkItemDeitic I)))) || Pred Yes (Poss (mkPsor_ SG (Poss_ Its Wife)) (ThePL (mkKind Son_Of_Woman))) (StageLevelState (mkPropLoc (With (mkItemDeitic I))))	SENT-215::Pred Yes (Poss (mkPsor SG Wife) (ThePL (mkKind Daughter_Of_Woman))) (StageLevelState (mkPropLoc (With (mkItemDeitic I)))) || SENT-215::Pred Yes (Poss (mkPsor SG Wife) (ThePL (mkKind Son_Of_Woman))) (StageLevelState (mkPropLoc (With (mkItemDeitic I)))) || SENT-215::Pred Yes (Poss (mkPsor_ SG (Poss_ Her Wife)) (ThePL (mkKind Daughter_Of_Woman))) (StageLevelState (mkPropLoc (With (mkItemDeitic I)))) || SENT-215::Pred Yes (Poss (mkPsor_ SG (Poss_ Her Wife)) (ThePL (mkKind Son_Of_Woman))) (StageLevelState (mkPropLoc (With (mkItemDeitic I)))) || SENT-215::Pred Yes (Poss (mkPsor_ SG (Poss_ His Wife)) (ThePL (mkKind Daughter_Of_Woman))) (StageLevelState (mkPropLoc (With (mkItemDeitic I)))) || SENT-215::Pred Yes (Poss (mkPsor_ SG (Poss_ His Wife)) (ThePL (mkKind Son_Of_Woman))) (StageLevelState (mkPropLoc (With (mkItemDeitic I)))) || SENT-215::Pred Yes (Poss (mkPsor_ SG (Poss_ Its Wife)) (ThePL (mkKind Daughter_Of_Woman))) (StageLevelState (mkPropLoc (With (mkItemDeitic I)))) || SENT-215::Pred Yes (Poss (mkPsor_ SG (Poss_ Its Wife)) (ThePL (mkKind Son_Of_Woman))) (StageLevelState (mkPropLoc (With (mkItemDeitic I))))	MATCHED
216	simiriku puranga uiku	a esposa está bonita || a esposa dela está bonita || a esposa dele está bonita	no		4	Pred Yes (mkItemNonDeitic (TheSG (mkKind Wife))) (StageLevelState (mkPropQual Beautiful)) || Pred Yes (mkItemNonDeitic (TheSG (mkKind_ (Poss_ Her Wife)))) (StageLevelState (mkPropQual Beautiful)) || Pred Yes (mkItemNonDeitic (TheSG (mkKind_ (Poss_ His Wife)))) (StageLevelState (mkPropQual Beautiful)) || Pred Yes (mkItemNonDeitic (TheSG (mkKind_ (Poss_ Its Wife)))) (StageLevelState (mkPropQual Beautiful))	SENT-216::Pred Yes (mkItemNonDeitic (TheSG (mkKind Wife))) (StageLevelState (mkPropQual Beautiful)) || SENT-216::Pred Yes (mkItemNonDeitic (TheSG (mkKind_ (Poss_ Her Wife)))) (StageLevelState (mkPropQual Beautiful)) || SENT-216::Pred Yes (mkItemNonDeitic (TheSG (mkKind_ (Poss_ His Wife)))) (StageLevelState (mkPropQual Beautiful)) || SENT-216::Pred Yes (mkItemNonDeitic (TheSG (mkKind_ (Poss_ Its Wife)))) (StageLevelState (mkPropQual Beautiful))	MATCHED
217	simiriku raíra-itá uiku se irũmu	os filhos da esposa estão comigo || os filhos da esposa dela estão comigo || os filhos da esposa dele estão comigo	no		4	Pred Yes (Poss (mkPsor SG Wife) (ThePL (mkKind Son_Of_Man))) (StageLevelState (mkPropLoc (With (mkItemDeitic I)))) || Pred Yes (Poss (mkPsor_ SG (Poss_ Her Wife)) (ThePL (mkKind Son_Of_Man))) (StageLevelState (mkPropLoc (With (mkItemDeitic I)))) || Pred Yes (Poss (mkPsor_ SG (Poss_ His Wife)) (ThePL (mkKind Son_Of_Man))) (StageLevelState (mkPropLoc (With (mkItemDeitic I)))) || Pred Yes (Poss (mkPsor_ SG (Poss_ Its Wife)) (ThePL (mkKind Son_Of_Man))) (StageLevelState (mkPropLoc (With (mkItemDeitic I))))	SENT-217::Pred Yes (Poss (mkPsor SG Wife) (ThePL (mkKind Son_Of_Man))) (StageLevelState (mkPropLoc (With (mkItemDeitic I)))) || SENT-217::Pred Yes (Poss (mkPsor_ SG (Poss_ Her Wife)) (ThePL (mkKind Son_Of_Man))) (StageLevelState (mkPropLoc (With (mkItemDeitic I)))) || SENT-217::Pred Yes (Poss (mkPsor_ SG (Poss_ His Wife)) (ThePL (mkKind Son_Of_Man))) (StageLevelState (mkPropLoc (With (mkItemDeitic I)))) || SENT-217::Pred Yes (Poss (mkPsor_ SG (Poss_ Its Wife)) (ThePL (mkKind Son_Of_Man))) (StageLevelState (mkPropLoc (With (mkItemDeitic I))))	MATCHED
218	simiriku suri uiku	a esposa está feliz || a esposa dela está feliz || a esposa dele está feliz	no		4	Pred Yes (mkItemNonDeitic (TheSG (mkKind Wife))) (StageLevelState (mkPropQual Happy)) || Pred Yes (mkItemNonDeitic (TheSG (mkKind_ (Poss_ Her Wife)))) (StageLevelState (mkPropQual Happy)) || Pred Yes (mkItemNonDeitic (TheSG (mkKind_ (Poss_ His Wife)))) (StageLevelState (mkPropQual Happy)) || Pred Yes (mkItemNonDeitic (TheSG (mkKind_ (Poss_ Its Wife)))) (StageLevelState (mkPropQual Happy))	SENT-218::Pred Yes (mkItemNonDeitic (TheSG (mkKind Wife))) (StageLevelState (mkPropQual Happy)) || SENT-218::Pred Yes (mkItemNonDeitic (TheSG (mkKind_ (Poss_ Her Wife)))) (StageLevelState (mkPropQual Happy)) || SENT-218::Pred Yes (mkItemNonDeitic (TheSG (mkKind_ (Poss_ His Wife)))) (StageLevelState (mkPropQual Happy)) || SENT-218::Pred Yes (mkItemNonDeitic (TheSG (mkKind_ (Poss_ Its Wife)))) (StageLevelState (mkPropQual Happy))	MATCHED
219	suka suaki	a casa dela é perto dele || a casa dela é perto dela || a casa dele é perto dele || a casa dele é perto dela	no		9	Pred Yes (mkItemNonDeitic (TheSG (mkKind_ (Poss_ Her House)))) (IndLevelState (mkPropLoc (Near (mkItemDeitic He)))) || Pred Yes (mkItemNonDeitic (TheSG (mkKind_ (Poss_ Her House)))) (IndLevelState (mkPropLoc (Near (mkItemDeitic It)))) || Pred Yes (mkItemNonDeitic (TheSG (mkKind_ (Poss_ Her House)))) (IndLevelState (mkPropLoc (Near (mkItemDeitic She)))) || Pred Yes (mkItemNonDeitic (TheSG (mkKind_ (Poss_ His House)))) (IndLevelState (mkPropLoc (Near (mkItemDeitic He)))) || Pred Yes (mkItemNonDeitic (TheSG (mkKind_ (Poss_ His House)))) (IndLevelState (mkPropLoc (Near (mkItemDeitic It)))) || Pred Yes (mkItemNonDeitic (TheSG (mkKind_ (Poss_ His House)))) (IndLevelState (mkPropLoc (Near (mkItemDeitic She)))) || Pred Yes (mkItemNonDeitic (TheSG (mkKind_ (Poss_ Its House)))) (IndLevelState (mkPropLoc (Near (mkItemDeitic He)))) || Pred Yes (mkItemNonDeitic (TheSG (mkKind_ (Poss_ Its House)))) (IndLevelState (mkPropLoc (Near (mkItemDeitic It)))) || Pred Yes (mkItemNonDeitic (TheSG (mkKind_ (Poss_ Its House)))) (IndLevelState (mkPropLoc (Near (mkItemDeitic She))))	SENT-219::Pred Yes (mkItemNonDeitic (TheSG (mkKind_ (Poss_ Her House)))) (IndLevelState (mkPropLoc (Near (mkItemDeitic He)))) || SENT-219::Pred Yes (mkItemNonDeitic (TheSG (mkKind_ (Poss_ Her House)))) (IndLevelState (mkPropLoc (Near (mkItemDeitic It)))) || SENT-219::Pred Yes (mkItemNonDeitic (TheSG (mkKind_ (Poss_ Her House)))) (IndLevelState (mkPropLoc (Near (mkItemDeitic She)))) || SENT-219::Pred Yes (mkItemNonDeitic (TheSG (mkKind_ (Poss_ His House)))) (IndLevelState (mkPropLoc (Near (mkItemDeitic He)))) || SENT-219::Pred Yes (mkItemNonDeitic (TheSG (mkKind_ (Poss_ His House)))) (IndLevelState (mkPropLoc (Near (mkItemDeitic It)))) || SENT-219::Pred Yes (mkItemNonDeitic (TheSG (mkKind_ (Poss_ His House)))) (IndLevelState (mkPropLoc (Near (mkItemDeitic She)))) || SENT-219::Pred Yes (mkItemNonDeitic (TheSG (mkKind_ (Poss_ Its House)))) (IndLevelState (mkPropLoc (Near (mkItemDeitic He)))) || SENT-219::Pred Yes (mkItemNonDeitic (TheSG (mkKind_ (Poss_ Its House)))) (IndLevelState (mkPropLoc (Near (mkItemDeitic It)))) || SENT-219::Pred Yes (mkItemNonDeitic (TheSG (mkKind_ (Poss_ Its House)))) (IndLevelState (mkPropLoc (Near (mkItemDeitic She))))	MATCHED
220	suka taua paranã ruaki	a cidade da casa dela é perto do rio || a cidade da casa dele é perto do rio || a casa dela é perto do rio da cidade || a casa dele é perto do rio da cidade	yes	hil,ped,van	6	Pred Yes (Poss (mkPsor_ SG (Poss_ Her House)) (TheSG (mkKind City))) (IndLevelState (mkPropLoc (Near (mkItemNonDeitic (TheSG (mkKind River)))))) || Pred Yes (Poss (mkPsor_ SG (Poss_ His House)) (TheSG (mkKind City))) (IndLevelState (mkPropLoc (Near (mkItemNonDeitic (TheSG (mkKind River)))))) || Pred Yes (Poss (mkPsor_ SG (Poss_ Its House)) (TheSG (mkKind City))) (IndLevelState (mkPropLoc (Near (mkItemNonDeitic (TheSG (mkKind River)))))) || Pred Yes (mkItemNonDeitic (TheSG (mkKind_ (Poss_ Her House)))) (IndLevelState (mkPropLoc (Near (Poss (mkPsor SG City) (TheSG (mkKind River)))))) || Pred Yes (mkItemNonDeitic (TheSG (mkKind_ (Poss_ His House)))) (IndLevelState (mkPropLoc (Near (Poss (mkPsor SG City) (TheSG (mkKind River)))))) || Pred Yes (mkItemNonDeitic (TheSG (mkKind_ (Poss_ Its House)))) (IndLevelState (mkPropLoc (Near (Poss (mkPsor SG City) (TheSG (mkKind River))))))	SENT-220::Pred Yes (Poss (mkPsor_ SG (Poss_ Her House)) (TheSG (mkKind City))) (IndLevelState (mkPropLoc (Near (mkItemNonDeitic (TheSG (mkKind River)))))) || SENT-220::Pred Yes (Poss (mkPsor_ SG (Poss_ His House)) (TheSG (mkKind City))) (IndLevelState (mkPropLoc (Near (mkItemNonDeitic (TheSG (mkKind River)))))) || SENT-220::Pred Yes (Poss (mkPsor_ SG (Poss_ Its House)) (TheSG (mkKind City))) (IndLevelState (mkPropLoc (Near (mkItemNonDeitic (TheSG (mkKind River)))))) || SENT-220::Pred Yes (mkItemNonDeitic (TheSG (mkKind_ (Poss_ Her House)))) (IndLevelState (mkPropLoc (Near (Poss (mkPsor SG City) (TheSG (mkKind River)))))) || SENT-220::Pred Yes (mkItemNonDeitic (TheSG (mkKind_ (Poss_ His House)))) (IndLevelState (mkPropLoc (Near (Poss (mkPsor SG City) (TheSG (mkKind River)))))) || SENT-220::Pred Yes (mkItemNonDeitic (TheSG (mkKind_ (Poss_ Its House)))) (IndLevelState (mkPropLoc (Near (Poss (mkPsor SG City) (TheSG (mkKind River))))))	MATCHED
221	suka taua uiku paranã ruaki	a cidade da casa dela está perto do rio || a cidade da casa dele está perto do rio	no		3	Pred Yes (Poss (mkPsor_ SG (Poss_ Her House)) (TheSG (mkKind City))) (StageLevelState (mkPropLoc (Near (mkItemNonDeitic (TheSG (mkKind River)))))) || Pred Yes (Poss (mkPsor_ SG (Poss_ His House)) (TheSG (mkKind City))) (StageLevelState (mkPropLoc (Near (mkItemNonDeitic (TheSG (mkKind River)))))) || Pred Yes (Poss (mkPsor_ SG (Poss_ Its House)) (TheSG (mkKind City))) (StageLevelState (mkPropLoc (Near (mkItemNonDeitic (TheSG (mkKind River))))))	SENT-221::Pred Yes (Poss (mkPsor_ SG (Poss_ Her House)) (TheSG (mkKind City))) (StageLevelState (mkPropLoc (Near (mkItemNonDeitic (TheSG (mkKind River)))))) || SENT-221::Pred Yes (Poss (mkPsor_ SG (Poss_ His House)) (TheSG (mkKind City))) (StageLevelState (mkPropLoc (Near (mkItemNonDeitic (TheSG (mkKind River)))))) || SENT-221::Pred Yes (Poss (mkPsor_ SG (Poss_ Its House)) (TheSG (mkKind City))) (StageLevelState (mkPropLoc (Near (mkItemNonDeitic (TheSG (mkKind River))))))	MATCHED
222	suka taua upé	a casa dela é na cidade || a casa dele é na cidade	no		6	Pred Yes (mkItemNonDeitic (TheSG (mkKind_ (Poss_ Her House)))) (IndLevelState (mkPropLoc (In (mkItemNonDeitic (TheSG (mkKind City)))))) || Pred Yes (mkItemNonDeitic (TheSG (mkKind_ (Poss_ Her House)))) (IndLevelState (mkPropLoc (On (mkItemNonDeitic (TheSG (mkKind City)))))) || Pred Yes (mkItemNonDeitic (TheSG (mkKind_ (Poss_ His House)))) (IndLevelState (mkPropLoc (In (mkItemNonDeitic (TheSG (mkKind City)))))) || Pred Yes (mkItemNonDeitic (TheSG (mkKind_ (Poss_ His House)))) (IndLevelState (mkPropLoc (On (mkItemNonDeitic (TheSG (mkKind City)))))) || Pred Yes (mkItemNonDeitic (TheSG (mkKind_ (Poss_ Its House)))) (IndLevelState (mkPropLoc (In (mkItemNonDeitic (TheSG (mkKind City)))))) || Pred Yes (mkItemNonDeitic (TheSG (mkKind_ (Poss_ Its House)))) (IndLevelState (mkPropLoc (On (mkItemNonDeitic (TheSG (mkKind City))))))	SENT-222::Pred Yes (mkItemNonDeitic (TheSG (mkKind_ (Poss_ Her House)))) (IndLevelState (mkPropLoc (In (mkItemNonDeitic (TheSG (mkKind City)))))) || SENT-222::Pred Yes (mkItemNonDeitic (TheSG (mkKind_ (Poss_ Her House)))) (IndLevelState (mkPropLoc (On (mkItemNonDeitic (TheSG (mkKind City)))))) || SENT-222::Pred Yes (mkItemNonDeitic (TheSG (mkKind_ (Poss_ His House)))) (IndLevelState (mkPropLoc (In (mkItemNonDeitic (TheSG (mkKind City)))))) || SENT-222::Pred Yes (mkItemNonDeitic (TheSG (mkKind_ (Poss_ His House)))) (IndLevelState (mkPropLoc (On (mkItemNonDeitic (TheSG (mkKind City)))))) || SENT-222::Pred Yes (mkItemNonDeitic (TheSG (mkKind_ (Poss_ Its House)))) (IndLevelState (mkPropLoc (In (mkItemNonDeitic (TheSG (mkKind City)))))) || SENT-222::Pred Yes (mkItemNonDeitic (TheSG (mkKind_ (Poss_ Its House)))) (IndLevelState (mkPropLoc (On (mkItemNonDeitic (TheSG (mkKind City))))))	MATCHED
223	suka uiku suaki	a casa dela está perto dele || a casa dela está perto dela || a casa dele está perto dele || a casa dele está perto dela	no		9	Pred Yes (mkItemNonDeitic (TheSG (mkKind_ (Poss_ Her House)))) (StageLevelState (mkPropLoc (Near (mkItemDeitic He)))) || Pred Yes (mkItemNonDeitic (TheSG (mkKind_ (Poss_ Her House)))) (StageLevelState (mkPropLoc (Near (mkItemDeitic It)))) || Pred Yes (mkItemNonDeitic (TheSG (mkKind_ (Poss_ Her House)))) (StageLevelState (mkPropLoc (Near (mkItemDeitic She)))) || Pred Yes (mkItemNonDeitic (TheSG (mkKind_ (Poss_ His House)))) (StageLevelState (mkPropLoc (Near (mkItemDeitic He)))) || Pred Yes (mkItemNonDeitic (TheSG (mkKind_ (Poss_ His House)))) (StageLevelState (mkPropLoc (Near (mkItemDeitic It)))) || Pred Yes (mkItemNonDeitic (TheSG (mkKind_ (Poss_ His House)))) (StageLevelState (mkPropLoc (Near (mkItemDeitic She)))) || Pred Yes (mkItemNonDeitic (TheSG (mkKind_ (Poss_ Its House)))) (StageLevelState (mkPropLoc (Near (mkItemDeitic He)))) || Pred Yes (mkItemNonDeitic (TheSG (mkKind_ (Poss_ Its House)))) (StageLevelState (mkPropLoc (Near (mkItemDeitic It)))) || Pred Yes (mkItemNonDeitic (TheSG (mkKind_ (Poss_ Its House)))) (StageLevelState (mkPropLoc (Near (mkItemDeitic She))))	SENT-223::Pred Yes (mkItemNonDeitic (TheSG (mkKind_ (Poss_ Her House)))) (StageLevelState (mkPropLoc (Near (mkItemDeitic He)))) || SENT-223::Pred Yes (mkItemNonDeitic (TheSG (mkKind_ (Poss_ Her House)))) (StageLevelState (mkPropLoc (Near (mkItemDeitic It)))) || SENT-223::Pred Yes (mkItemNonDeitic (TheSG (mkKind_ (Poss_ Her House)))) (StageLevelState (mkPropLoc (Near (mkItemDeitic She)))) || SENT-223::Pred Yes (mkItemNonDeitic (TheSG (mkKind_ (Poss_ His House)))) (StageLevelState (mkPropLoc (Near (mkItemDeitic He)))) || SENT-223::Pred Yes (mkItemNonDeitic (TheSG (mkKind_ (Poss_ His House)))) (StageLevelState (mkPropLoc (Near (mkItemDeitic It)))) || SENT-223::Pred Yes (mkItemNonDeitic (TheSG (mkKind_ (Poss_ His House)))) (StageLevelState (mkPropLoc (Near (mkItemDeitic She)))) || SENT-223::Pred Yes (mkItemNonDeitic (TheSG (mkKind_ (Poss_ Its House)))) (StageLevelState (mkPropLoc (Near (mkItemDeitic He)))) || SENT-223::Pred Yes (mkItemNonDeitic (TheSG (mkKind_ (Poss_ Its House)))) (StageLevelState (mkPropLoc (Near (mkItemDeitic It)))) || SENT-223::Pred Yes (mkItemNonDeitic (TheSG (mkKind_ (Poss_ Its House)))) (StageLevelState (mkPropLoc (Near (mkItemDeitic She))))	MATCHED
224	suka uiku taua paranã ruaki	a casa dela está perto do rio da cidade || a casa dele está perto do rio da cidade	no		3	Pred Yes (mkItemNonDeitic (TheSG (mkKind_ (Poss_ Her House)))) (StageLevelState (mkPropLoc (Near (Poss (mkPsor SG City) (TheSG (mkKind River)))))) || Pred Yes (mkItemNonDeitic (TheSG (mkKind_ (Poss_ His House)))) (StageLevelState (mkPropLoc (Near (Poss (mkPsor SG City) (TheSG (mkKind River)))))) || Pred Yes (mkItemNonDeitic (TheSG (mkKind_ (Poss_ Its House)))) (StageLevelState (mkPropLoc (Near (Poss (mkPsor SG City) (TheSG (mkKind River))))))	SENT-224::Pred Yes (mkItemNonDeitic (TheSG (mkKind_ (Poss_ Her House)))) (StageLevelState (mkPropLoc (Near (Poss (mkPsor SG City) (TheSG (mkKind River)))))) || SENT-224::Pred Yes (mkItemNonDeitic (TheSG (mkKind_ (Poss_ His House)))) (StageLevelState (mkPropLoc (Near (Poss (mkPsor SG City) (TheSG (mkKind River)))))) || SENT-224::Pred Yes (mkItemNonDeitic (TheSG (mkKind_ (Poss_ Its House)))) (StageLevelState (mkPropLoc (Near (Poss (mkPsor SG City) (TheSG (mkKind River))))))	MATCHED
225	suka uiku taua upé	a casa dela está na cidade || a casa dele está na cidade	no		6	Pred Yes (mkItemNonDeitic (TheSG (mkKind_ (Poss_ Her House)))) (StageLevelState (mkPropLoc (In (mkItemNonDeitic (TheSG (mkKind City)))))) || Pred Yes (mkItemNonDeitic (TheSG (mkKind_ (Poss_ Her House)))) (StageLevelState (mkPropLoc (On (mkItemNonDeitic (TheSG (mkKind City)))))) || Pred Yes (mkItemNonDeitic (TheSG (mkKind_ (Poss_ His House)))) (StageLevelState (mkPropLoc (In (mkItemNonDeitic (TheSG (mkKind City)))))) || Pred Yes (mkItemNonDeitic (TheSG (mkKind_ (Poss_ His House)))) (StageLevelState (mkPropLoc (On (mkItemNonDeitic (TheSG (mkKind City)))))) || Pred Yes (mkItemNonDeitic (TheSG (mkKind_ (Poss_ Its House)))) (StageLevelState (mkPropLoc (In (mkItemNonDeitic (TheSG (mkKind City)))))) || Pred Yes (mkItemNonDeitic (TheSG (mkKind_ (Poss_ Its House)))) (StageLevelState (mkPropLoc (On (mkItemNonDeitic (TheSG (mkKind City))))))	SENT-225::Pred Yes (mkItemNonDeitic (TheSG (mkKind_ (Poss_ Her House)))) (StageLevelState (mkPropLoc (In (mkItemNonDeitic (TheSG (mkKind City)))))) || SENT-225::Pred Yes (mkItemNonDeitic (TheSG (mkKind_ (Poss_ Her House)))) (StageLevelState (mkPropLoc (On (mkItemNonDeitic (TheSG (mkKind City)))))) || SENT-225::Pred Yes (mkItemNonDeitic (TheSG (mkKind_ (Poss_ His House)))) (StageLevelState (mkPropLoc (In (mkItemNonDeitic (TheSG (mkKind City)))))) || SENT-225::Pred Yes (mkItemNonDeitic (TheSG (mkKind_ (Poss_ His House)))) (StageLevelState (mkPropLoc (On (mkItemNonDeitic (TheSG (mkKind City)))))) || SENT-225::Pred Yes (mkItemNonDeitic (TheSG (mkKind_ (Poss_ Its House)))) (StageLevelState (mkPropLoc (In (mkItemNonDeitic (TheSG (mkKind City)))))) || SENT-225::Pred Yes (mkItemNonDeitic (TheSG (mkKind_ (Poss_ Its House)))) (StageLevelState (mkPropLoc (On (mkItemNonDeitic (TheSG (mkKind City))))))	MATCHED
226	suri	ele é feliz || ela é feliz	no		3	Pred Yes (mkItemDeitic He) (IndLevelState (mkPropQual Happy)) || Pred Yes (mkItemDeitic It) (IndLevelState (mkPropQual Happy)) || Pred Yes (mkItemDeitic She) (IndLevelState (mkPropQual Happy))	SENT-226::Pred Yes (mkItemDeitic He) (IndLevelState (mkPropQual Happy)) || SENT-226::Pred Yes (mkItemDeitic It) (IndLevelState (mkPropQual Happy)) || SENT-226::Pred Yes (mkItemDeitic She) (IndLevelState (mkPropQual Happy))	MATCHED
227	suri retana	ele é muito feliz || ela é muito feliz	yes	hil,van	3	Pred Yes (mkItemDeitic He) (IndLevelState (mkPropQual (Very Happy))) || Pred Yes (mkItemDeitic It) (IndLevelState (mkPropQual (Very Happy))) || Pred Yes (mkItemDeitic She) (IndLevelState (mkPropQual (Very Happy)))	SENT-227::Pred Yes (mkItemDeitic He) (IndLevelState (mkPropQual (Very Happy))) || SENT-227::Pred Yes (mkItemDeitic It) (IndLevelState (mkPropQual (Very Happy))) || SENT-227::Pred Yes (mkItemDeitic She) (IndLevelState (mkPropQual (Very Happy)))	MATCHED
228	suri uiku	ele está feliz || ela está feliz	yes	hil,van	3	Pred Yes (mkItemDeitic He) (StageLevelState (mkPropQual Happy)) || Pred Yes (mkItemDeitic It) (StageLevelState (mkPropQual Happy)) || Pred Yes (mkItemDeitic She) (StageLevelState (mkPropQual Happy))	SENT-228::Pred Yes (mkItemDeitic He) (StageLevelState (mkPropQual Happy)) || SENT-228::Pred Yes (mkItemDeitic It) (StageLevelState (mkPropQual Happy)) || SENT-228::Pred Yes (mkItemDeitic She) (StageLevelState (mkPropQual Happy))	MATCHED
229	sé timbiú suka upé	a deliciosa comida é na casa dela || a deliciosa comida é na casa dele	no		6	Pred Yes (mkItemNonDeitic (TheSG (Mod Delicious (mkKind Food)))) (IndLevelState (mkPropLoc (In (mkItemNonDeitic (TheSG (mkKind_ (Poss_ Her House))))))) || Pred Yes (mkItemNonDeitic (TheSG (Mod Delicious (mkKind Food)))) (IndLevelState (mkPropLoc (In (mkItemNonDeitic (TheSG (mkKind_ (Poss_ His House))))))) || Pred Yes (mkItemNonDeitic (TheSG (Mod Delicious (mkKind Food)))) (IndLevelState (mkPropLoc (In (mkItemNonDeitic (TheSG (mkKind_ (Poss_ Its House))))))) || Pred Yes (mkItemNonDeitic (TheSG (Mod Delicious (mkKind Food)))) (IndLevelState (mkPropLoc (On (mkItemNonDeitic (TheSG (mkKind_ (Poss_ Her House))))))) || Pred Yes (mkItemNonDeitic (TheSG (Mod Delicious (mkKind Food)))) (IndLevelState (mkPropLoc (On (mkItemNonDeitic (TheSG (mkKind_ (Poss_ His House))))))) || Pred Yes (mkItemNonDeitic (TheSG (Mod Delicious (mkKind Food)))) (IndLevelState (mkPropLoc (On (mkItemNonDeitic (TheSG (mkKind_ (Poss_ Its House)))))))	SENT-229::Pred Yes (mkItemNonDeitic (TheSG (Mod Delicious (mkKind Food)))) (IndLevelState (mkPropLoc (In (mkItemNonDeitic (TheSG (mkKind_ (Poss_ Her House))))))) || SENT-229::Pred Yes (mkItemNonDeitic (TheSG (Mod Delicious (mkKind Food)))) (IndLevelState (mkPropLoc (In (mkItemNonDeitic (TheSG (mkKind_ (Poss_ His House))))))) || SENT-229::Pred Yes (mkItemNonDeitic (TheSG (Mod Delicious (mkKind Food)))) (IndLevelState (mkPropLoc (In (mkItemNonDeitic (TheSG (mkKind_ (Poss_ Its House))))))) || SENT-229::Pred Yes (mkItemNonDeitic (TheSG (Mod Delicious (mkKind Food)))) (IndLevelState (mkPropLoc (On (mkItemNonDeitic (TheSG (mkKind_ (Poss_ Her House))))))) || SENT-229::Pred Yes (mkItemNonDeitic (TheSG (Mod Delicious (mkKind Food)))) (IndLevelState (mkPropLoc (On (mkItemNonDeitic (TheSG (mkKind_ (Poss_ His House))))))) || SENT-229::Pred Yes (mkItemNonDeitic (TheSG (Mod Delicious (mkKind Food)))) (IndLevelState (mkPropLoc (On (mkItemNonDeitic (TheSG (mkKind_ (Poss_ Its House)))))))	MATCHED
230	sé timbiú uiku suka upé	a deliciosa comida está na casa dela || a deliciosa comida está na casa dele	yes	ped	6	Pred Yes (mkItemNonDeitic (TheSG (Mod Delicious (mkKind Food)))) (StageLevelState (mkPropLoc (In (mkItemNonDeitic (TheSG (mkKind_ (Poss_ Her House))))))) || Pred Yes (mkItemNonDeitic (TheSG (Mod Delicious (mkKind Food)))) (StageLevelState (mkPropLoc (In (mkItemNonDeitic (TheSG (mkKind_ (Poss_ His House))))))) || Pred Yes (mkItemNonDeitic (TheSG (Mod Delicious (mkKind Food)))) (StageLevelState (mkPropLoc (In (mkItemNonDeitic (TheSG (mkKind_ (Poss_ Its House))))))) || Pred Yes (mkItemNonDeitic (TheSG (Mod Delicious (mkKind Food)))) (StageLevelState (mkPropLoc (On (mkItemNonDeitic (TheSG (mkKind_ (Poss_ Her House))))))) || Pred Yes (mkItemNonDeitic (TheSG (Mod Delicious (mkKind Food)))) (StageLevelState (mkPropLoc (On (mkItemNonDeitic (TheSG (mkKind_ (Poss_ His House))))))) || Pred Yes (mkItemNonDeitic (TheSG (Mod Delicious (mkKind Food)))) (StageLevelState (mkPropLoc (On (mkItemNonDeitic (TheSG (mkKind_ (Poss_ Its House)))))))	SENT-230::Pred Yes (mkItemNonDeitic (TheSG (Mod Delicious (mkKind Food)))) (StageLevelState (mkPropLoc (In (mkItemNonDeitic (TheSG (mkKind_ (Poss_ Her House))))))) || SENT-230::Pred Yes (mkItemNonDeitic (TheSG (Mod Delicious (mkKind Food)))) (StageLevelState (mkPropLoc (In (mkItemNonDeitic (TheSG (mkKind_ (Poss_ His House))))))) || SENT-230::Pred Yes (mkItemNonDeitic (TheSG (Mod Delicious (mkKind Food)))) (StageLevelState (mkPropLoc (In (mkItemNonDeitic (TheSG (mkKind_ (Poss_ Its House))))))) || SENT-230::Pred Yes (mkItemNonDeitic (TheSG (Mod Delicious (mkKind Food)))) (StageLevelState (mkPropLoc (On (mkItemNonDeitic (TheSG (mkKind_ (Poss_ Her House))))))) || SENT-230::Pred Yes (mkItemNonDeitic (TheSG (Mod Delicious (mkKind Food)))) (StageLevelState (mkPropLoc (On (mkItemNonDeitic (TheSG (mkKind_ (Poss_ His House))))))) || SENT-230::Pred Yes (mkItemNonDeitic (TheSG (Mod Delicious (mkKind Food)))) (StageLevelState (mkPropLoc (On (mkItemNonDeitic (TheSG (mkKind_ (Poss_ Its House)))))))	MATCHED
231	ti aiku suaki	eu não estou perto dele || eu não estou perto dela	yes	hil,van	3	Pred No (mkItemDeitic I) (StageLevelState (mkPropLoc (Near (mkItemDeitic He)))) || Pred No (mkItemDeitic I) (StageLevelState (mkPropLoc (Near (mkItemDeitic It)))) || Pred No (mkItemDeitic I) (StageLevelState (mkPropLoc (Near (mkItemDeitic She))))	SENT-231::Pred No (mkItemDeitic I) (StageLevelState (mkPropLoc (Near (mkItemDeitic He)))) || SENT-231::Pred No (mkItemDeitic I) (StageLevelState (mkPropLoc (Near (mkItemDeitic It)))) || SENT-231::Pred No (mkItemDeitic I) (StageLevelState (mkPropLoc (Near (mkItemDeitic She))))	MATCHED
232	ti iaiku tendaua upé	nós não estamos na comunidade	yes	hil,van	2	Pred No (mkItemDeitic We) (StageLevelState (mkPropLoc (In (mkItemNonDeitic (TheSG (mkKind Community)))))) || Pred No (mkItemDeitic We) (StageLevelState (mkPropLoc (On (mkItemNonDeitic (TheSG (mkKind Community))))))	SENT-232::Pred No (mkItemDeitic We) (StageLevelState (mkPropLoc (In (mkItemNonDeitic (TheSG (mkKind Community)))))) || SENT-232::Pred No (mkItemDeitic We) (StageLevelState (mkPropLoc (On (mkItemNonDeitic (TheSG (mkKind Community))))))	MATCHED
233	ti ne ruri reiku	você não está feliz	no		1	Pred No (mkItemDeitic YouSG) (StageLevelState (mkPropQual Happy))	SENT-233::Pred No (mkItemDeitic YouSG) (StageLevelState (mkPropQual Happy))	MATCHED
234	ti se ruri	eu não sou feliz	no		1	Pred No (mkItemDeitic I) (IndLevelState (mkPropQual Happy))	SENT-234::Pred No (mkItemDeitic I) (IndLevelState (mkPropQual Happy))	MATCHED
235	timbiú sé	a comida é deliciosa	yes	ped	1	Pred Yes (mkItemNonDeitic (TheSG (mkKind Food))) (IndLevelState (mkPropQual Delicious))	SENT-235::Pred Yes (mkItemNonDeitic (TheSG (mkKind Food))) (IndLevelState (mkPropQual Delicious))	MATCHED
236	timbiú sé uiku	a comida está deliciosa	yes	ped	1	Pred Yes (mkItemNonDeitic (TheSG (mkKind Food))) (StageLevelState (mkPropQual Delicious))	SENT-236::Pred Yes (mkItemNonDeitic (TheSG (mkKind Food))) (StageLevelState (mkPropQual Delicious))	MATCHED
237	timbiú sé uiku suka upé	a deliciosa comida está na casa dela || a deliciosa comida está na casa dele	yes	ped	6	Pred Yes (mkItemNonDeitic (TheSG (Mod Delicious (mkKind Food)))) (StageLevelState (mkPropLoc (In (mkItemNonDeitic (TheSG (mkKind_ (Poss_ Her House))))))) || Pred Yes (mkItemNonDeitic (TheSG (Mod Delicious (mkKind Food)))) (StageLevelState (mkPropLoc (In (mkItemNonDeitic (TheSG (mkKind_ (Poss_ His House))))))) || Pred Yes (mkItemNonDeitic (TheSG (Mod Delicious (mkKind Food)))) (StageLevelState (mkPropLoc (In (mkItemNonDeitic (TheSG (mkKind_ (Poss_ Its House))))))) || Pred Yes (mkItemNonDeitic (TheSG (Mod Delicious (mkKind Food)))) (StageLevelState (mkPropLoc (On (mkItemNonDeitic (TheSG (mkKind_ (Poss_ Her House))))))) || Pred Yes (mkItemNonDeitic (TheSG (Mod Delicious (mkKind Food)))) (StageLevelState (mkPropLoc (On (mkItemNonDeitic (TheSG (mkKind_ (Poss_ His House))))))) || Pred Yes (mkItemNonDeitic (TheSG (Mod Delicious (mkKind Food)))) (StageLevelState (mkPropLoc (On (mkItemNonDeitic (TheSG (mkKind_ (Poss_ Its House)))))))	SENT-237::Pred Yes (mkItemNonDeitic (TheSG (Mod Delicious (mkKind Food)))) (StageLevelState (mkPropLoc (In (mkItemNonDeitic (TheSG (mkKind_ (Poss_ Her House))))))) || SENT-237::Pred Yes (mkItemNonDeitic (TheSG (Mod Delicious (mkKind Food)))) (StageLevelState (mkPropLoc (In (mkItemNonDeitic (TheSG (mkKind_ (Poss_ His House))))))) || SENT-237::Pred Yes (mkItemNonDeitic (TheSG (Mod Delicious (mkKind Food)))) (StageLevelState (mkPropLoc (In (mkItemNonDeitic (TheSG (mkKind_ (Poss_ Its House))))))) || SENT-237::Pred Yes (mkItemNonDeitic (TheSG (Mod Delicious (mkKind Food)))) (StageLevelState (mkPropLoc (On (mkItemNonDeitic (TheSG (mkKind_ (Poss_ Her House))))))) || SENT-237::Pred Yes (mkItemNonDeitic (TheSG (Mod Delicious (mkKind Food)))) (StageLevelState (mkPropLoc (On (mkItemNonDeitic (TheSG (mkKind_ (Poss_ His House))))))) || SENT-237::Pred Yes (mkItemNonDeitic (TheSG (Mod Delicious (mkKind Food)))) (StageLevelState (mkPropLoc (On (mkItemNonDeitic (TheSG (mkKind_ (Poss_ Its House)))))))	MATCHED
238	tukandira-itá i upé	as formigas são nele || as formigas são nela	no		6	Pred Yes (mkItemNonDeitic (ThePL (mkKind Ant))) (IndLevelState (mkPropLoc (In (mkItemDeitic He)))) || Pred Yes (mkItemNonDeitic (ThePL (mkKind Ant))) (IndLevelState (mkPropLoc (In (mkItemDeitic It)))) || Pred Yes (mkItemNonDeitic (ThePL (mkKind Ant))) (IndLevelState (mkPropLoc (In (mkItemDeitic She)))) || Pred Yes (mkItemNonDeitic (ThePL (mkKind Ant))) (IndLevelState (mkPropLoc (On (mkItemDeitic He)))) || Pred Yes (mkItemNonDeitic (ThePL (mkKind Ant))) (IndLevelState (mkPropLoc (On (mkItemDeitic It)))) || Pred Yes (mkItemNonDeitic (ThePL (mkKind Ant))) (IndLevelState (mkPropLoc (On (mkItemDeitic She))))	SENT-238::Pred Yes (mkItemNonDeitic (ThePL (mkKind Ant))) (IndLevelState (mkPropLoc (In (mkItemDeitic He)))) || SENT-238::Pred Yes (mkItemNonDeitic (ThePL (mkKind Ant))) (IndLevelState (mkPropLoc (In (mkItemDeitic It)))) || SENT-238::Pred Yes (mkItemNonDeitic (ThePL (mkKind Ant))) (IndLevelState (mkPropLoc (In (mkItemDeitic She)))) || SENT-238::Pred Yes (mkItemNonDeitic (ThePL (mkKind Ant))) (IndLevelState (mkPropLoc (On (mkItemDeitic He)))) || SENT-238::Pred Yes (mkItemNonDeitic (ThePL (mkKind Ant))) (IndLevelState (mkPropLoc (On (mkItemDeitic It)))) || SENT-238::Pred Yes (mkItemNonDeitic (ThePL (mkKind Ant))) (IndLevelState (mkPropLoc (On (mkItemDeitic She))))	MATCHED
239	tukandira-itá uiku i upé	as formigas estão nele || as formigas estão nela	yes	hil,van	6	Pred Yes (mkItemNonDeitic (ThePL (mkKind Ant))) (StageLevelState (mkPropLoc (In (mkItemDeitic He)))) || Pred Yes (mkItemNonDeitic (ThePL (mkKind Ant))) (StageLevelState (mkPropLoc (In (mkItemDeitic It)))) || Pred Yes (mkItemNonDeitic (ThePL (mkKind Ant))) (StageLevelState (mkPropLoc (In (mkItemDeitic She)))) || Pred Yes (mkItemNonDeitic (ThePL (mkKind Ant))) (StageLevelState (mkPropLoc (On (mkItemDeitic He)))) || Pred Yes (mkItemNonDeitic (ThePL (mkKind Ant))) (StageLevelState (mkPropLoc (On (mkItemDeitic It)))) || Pred Yes (mkItemNonDeitic (ThePL (mkKind Ant))) (StageLevelState (mkPropLoc (On (mkItemDeitic She))))	SENT-239::Pred Yes (mkItemNonDeitic (ThePL (mkKind Ant))) (StageLevelState (mkPropLoc (In (mkItemDeitic He)))) || SENT-239::Pred Yes (mkItemNonDeitic (ThePL (mkKind Ant))) (StageLevelState (mkPropLoc (In (mkItemDeitic It)))) || SENT-239::Pred Yes (mkItemNonDeitic (ThePL (mkKind Ant))) (StageLevelState (mkPropLoc (In (mkItemDeitic She)))) || SENT-239::Pred Yes (mkItemNonDeitic (ThePL (mkKind Ant))) (StageLevelState (mkPropLoc (On (mkItemDeitic He)))) || SENT-239::Pred Yes (mkItemNonDeitic (ThePL (mkKind Ant))) (StageLevelState (mkPropLoc (On (mkItemDeitic It)))) || SENT-239::Pred Yes (mkItemNonDeitic (ThePL (mkKind Ant))) (StageLevelState (mkPropLoc (On (mkItemDeitic She))))	MATCHED
240	ximbiú saku	a comida dela é quente || a comida dele é quente	no		3	Pred Yes (mkItemNonDeitic (TheSG (mkKind_ (Poss_ Her Food)))) (IndLevelState (mkPropQual Hot)) || Pred Yes (mkItemNonDeitic (TheSG (mkKind_ (Poss_ His Food)))) (IndLevelState (mkPropQual Hot)) || Pred Yes (mkItemNonDeitic (TheSG (mkKind_ (Poss_ Its Food)))) (IndLevelState (mkPropQual Hot))	SENT-240::Pred Yes (mkItemNonDeitic (TheSG (mkKind_ (Poss_ Her Food)))) (IndLevelState (mkPropQual Hot)) || SENT-240::Pred Yes (mkItemNonDeitic (TheSG (mkKind_ (Poss_ His Food)))) (IndLevelState (mkPropQual Hot)) || SENT-240::Pred Yes (mkItemNonDeitic (TheSG (mkKind_ (Poss_ Its Food)))) (IndLevelState (mkPropQual Hot))	MATCHED
241	ximbiú saku uiku	a comida dela está quente || a comida dele está quente	yes	ped	3	Pred Yes (mkItemNonDeitic (TheSG (mkKind_ (Poss_ Her Food)))) (StageLevelState (mkPropQual Hot)) || Pred Yes (mkItemNonDeitic (TheSG (mkKind_ (Poss_ His Food)))) (StageLevelState (mkPropQual Hot)) || Pred Yes (mkItemNonDeitic (TheSG (mkKind_ (Poss_ Its Food)))) (StageLevelState (mkPropQual Hot))	SENT-241::Pred Yes (mkItemNonDeitic (TheSG (mkKind_ (Poss_ Her Food)))) (StageLevelState (mkPropQual Hot)) || SENT-241::Pred Yes (mkItemNonDeitic (TheSG (mkKind_ (Poss_ His Food)))) (StageLevelState (mkPropQual Hot)) || SENT-241::Pred Yes (mkItemNonDeitic (TheSG (mkKind_ (Poss_ Its Food)))) (StageLevelState (mkPropQual Hot))	MATCHED
242	ximbiú sé	a comida dela é deliciosa || a comida dele é deliciosa	no		3	Pred Yes (mkItemNonDeitic (TheSG (mkKind_ (Poss_ Her Food)))) (IndLevelState (mkPropQual Delicious)) || Pred Yes (mkItemNonDeitic (TheSG (mkKind_ (Poss_ His Food)))) (IndLevelState (mkPropQual Delicious)) || Pred Yes (mkItemNonDeitic (TheSG (mkKind_ (Poss_ Its Food)))) (IndLevelState (mkPropQual Delicious))	SENT-242::Pred Yes (mkItemNonDeitic (TheSG (mkKind_ (Poss_ Her Food)))) (IndLevelState (mkPropQual Delicious)) || SENT-242::Pred Yes (mkItemNonDeitic (TheSG (mkKind_ (Poss_ His Food)))) (IndLevelState (mkPropQual Delicious)) || SENT-242::Pred Yes (mkItemNonDeitic (TheSG (mkKind_ (Poss_ Its Food)))) (IndLevelState (mkPropQual Delicious))	MATCHED
243	ximbiú sé uiku	a comida dela está deliciosa || a comida dele está deliciosa	no		3	Pred Yes (mkItemNonDeitic (TheSG (mkKind_ (Poss_ Her Food)))) (StageLevelState (mkPropQual Delicious)) || Pred Yes (mkItemNonDeitic (TheSG (mkKind_ (Poss_ His Food)))) (StageLevelState (mkPropQual Delicious)) || Pred Yes (mkItemNonDeitic (TheSG (mkKind_ (Poss_ Its Food)))) (StageLevelState (mkPropQual Delicious))	SENT-243::Pred Yes (mkItemNonDeitic (TheSG (mkKind_ (Poss_ Her Food)))) (StageLevelState (mkPropQual Delicious)) || SENT-243::Pred Yes (mkItemNonDeitic (TheSG (mkKind_ (Poss_ His Food)))) (StageLevelState (mkPropQual Delicious)) || SENT-243::Pred Yes (mkItemNonDeitic (TheSG (mkKind_ (Poss_ Its Food)))) (StageLevelState (mkPropQual Delicious))	MATCHED
