metric,old_correct,old_total,old_acc,new_correct,new_total,new_acc,delta
FORM,310,310,1.0,310,310,1.0,0.0
LEMMA,310,310,1.0,223,310,0.7193548387096774,-0.2806451612903226
UPOS,310,310,1.0,302,310,0.9741935483870968,-0.02580645161290318
XPOS,310,310,1.0,310,310,1.0,0.0
FEATS,310,310,1.0,161,310,0.5193548387096775,-0.48064516129032253
HEAD,310,310,1.0,298,310,0.9612903225806452,-0.03870967741935483
DEPREL,310,310,1.0,302,310,0.9741935483870968,-0.02580645161290318
UAS,310,310,1.0,298,310,0.9612903225806452,-0.03870967741935483
LAS,310,310,1.0,295,310,0.9516129032258065,-0.048387096774193505
