metric,old_correct,old_total,old_acc,new_correct,new_total,new_acc,delta
FORM,109,110,0.990909090909091,110,110,1.0,0.009090909090909038
LEMMA,94,110,0.8545454545454545,102,110,0.9272727272727272,0.07272727272727275
UPOS,110,110,1.0,110,110,1.0,0.0
XPOS,110,110,1.0,110,110,1.0,0.0
FEATS,67,110,0.6090909090909091,68,110,0.6181818181818182,0.009090909090909038
HEAD,89,110,0.8090909090909091,99,110,0.9,0.09090909090909094
DEPREL,93,110,0.8454545454545455,100,110,0.9090909090909091,0.0636363636363636
UAS,89,110,0.8090909090909091,99,110,0.9,0.09090909090909094
LAS,87,110,0.7909090909090909,97,110,0.8818181818181818,0.09090909090909094
