metric,old_correct,old_total,old_acc,new_correct,new_total,new_acc,delta
FORM,104,104,1.0,104,104,1.0,0.0
LEMMA,91,104,0.875,90,104,0.8653846153846154,-0.009615384615384581
UPOS,104,104,1.0,104,104,1.0,0.0
XPOS,104,104,1.0,104,104,1.0,0.0
FEATS,69,104,0.6634615384615384,69,104,0.6634615384615384,0.0
HEAD,84,104,0.8076923076923077,84,104,0.8076923076923077,0.0
DEPREL,88,104,0.8461538461538461,88,104,0.8461538461538461,0.0
UAS,84,104,0.8076923076923077,84,104,0.8076923076923077,0.0
LAS,82,104,0.7884615384615384,82,104,0.7884615384615384,0.0
