metric,old_correct,old_total,old_acc,new_correct,new_total,new_acc,delta
FORM,104,104,1.0,104,104,1.0,0.0
LEMMA,91,104,0.875,91,104,0.875,0.0
UPOS,104,104,1.0,104,104,1.0,0.0
XPOS,104,104,1.0,104,104,1.0,0.0
FEATS,69,104,0.6634615384615384,69,104,0.6634615384615384,0.0
HEAD,84,104,0.8076923076923077,92,104,0.8846153846153846,0.07692307692307687
DEPREL,88,104,0.8461538461538461,91,104,0.875,0.028846153846153855
UAS,84,104,0.8076923076923077,92,104,0.8846153846153846,0.07692307692307687
LAS,82,104,0.7884615384615384,88,104,0.8461538461538461,0.05769230769230771
