metric,old_correct,old_total,old_acc,new_correct,new_total,new_acc,delta
FORM,104,104,1.0,104,104,1.0,0.0
LEMMA,91,104,0.875,90,104,0.8653846153846154,-0.009615384615384581
UPOS,104,104,1.0,104,104,1.0,0.0
XPOS,104,104,1.0,104,104,1.0,0.0
FEATS,69,104,0.6634615384615384,69,104,0.6634615384615384,0.0
HEAD,84,104,0.8076923076923077,92,104,0.8846153846153846,0.07692307692307687
DEPREL,88,104,0.8461538461538461,86,104,0.8269230769230769,-0.019230769230769273
UAS,84,104,0.8076923076923077,92,104,0.8846153846153846,0.07692307692307687
LAS,82,104,0.7884615384615384,83,104,0.7980769230769231,0.009615384615384692
