metric,old_correct,old_total,old_acc,new_correct,new_total,new_acc,delta
FORM,105,105,1.0,105,105,1.0,0.0
LEMMA,92,105,0.8761904761904762,92,105,0.8761904761904762,0.0
UPOS,105,105,1.0,105,105,1.0,0.0
XPOS,105,105,1.0,105,105,1.0,0.0
FEATS,71,105,0.6761904761904762,71,105,0.6761904761904762,0.0
HEAD,84,105,0.8,94,105,0.8952380952380953,0.09523809523809523
DEPREL,88,105,0.8380952380952381,95,105,0.9047619047619048,0.06666666666666665
UAS,84,105,0.8,94,105,0.8952380952380953,0.09523809523809523
LAS,82,105,0.780952380952381,92,105,0.8761904761904762,0.09523809523809523
